Barcode,TSNE-1,TSNE-2
AAACCGTTCGTCCAGG-1,11.590851723676835,6.324780399251532
AAACGAAGAACATACC-1,-17.81444506395705,4.689035357575246
AAACTGCTGGCTCCAA-1,9.209493392905504,-2.089577417141436
AAAGACCCAAGTCGCG-1,-1.0937280870321733,26.186803079640814
AAAGGCTCTCGCGCCG-1,22.422979486446874,2.186315782898944
AAAGGGATGTAGCAAG-1,-28.842845525216788,-3.9560708876946964
AAATACCTATAAGCAT-1,13.015648194202807,-0.3476406664477319
AAATAGGGTGCTATTG-1,7.3085119843050474,-20.08446791293087
AAATCGTGTACCACAA-1,-3.5624190776527516,-16.05058526454437
AAATGTGGGTGCTCCT-1,-15.887019593764276,6.730307685582064
AAATTACACGACTCTG-1,-10.547525175902733,10.27270747773095
AACCATGGGATCGCTA-1,-15.898949445652251,6.026857914408767
AACCCAGAGACGGAGA-1,-0.7706631328695972,27.190226261013212
AACCGAGCTTGGTCAT-1,-7.91262346657105,11.992275489176096
AACCGCTAAGGGATGC-1,19.009584062810248,0.40573490902229226
AACCTTTAAATACGGT-1,11.826270600232215,-8.065775757148065
AACGATAATGCCGTAG-1,15.232411835936825,5.2595838682164215
AACGATATGTCAACTG-1,-9.570429371306474,11.648955015059602
AACGCGGTCTCCAGCC-1,-9.60136675876641,13.085465169130119
AACGGCCATCTCCGGT-1,11.241160820202554,10.99244548615363
AACGTACTGTGGGTAC-1,10.58017793203719,8.714415298255801
AACGTCAGACTAGTGG-1,-3.982069871151502,22.017340240462037
AACTAGCGTATCGCAC-1,-20.267365309963953,2.7291767479640257
AACTAGGCTTGGGTGT-1,9.628492665011553,-7.187801675894763
AACTCAAGTTAATTGC-1,15.281043272948487,16.797761797972058
AACTCTCAGTGTGCTC-1,13.787459887412911,6.245405854157218
AACTGGGTCCCGACGT-1,-27.467995591221115,-0.30492569623032606
AACTTTAGCTGCTGAG-1,-19.865992247960435,4.531871200604983
AAGCACCCTGCGTATC-1,17.856133119863873,-9.329753038898163
AAGCATACTCTCCTGA-1,10.291013436154545,-11.586944475566657
AAGCTAGATCGAGTAA-1,9.618730983045712,-5.955175886058348
AAGCTCTTTCATGGTG-1,8.618691561114742,-19.17415598849646
AAGGAGAACTTATAAG-1,-14.533675832147946,7.476152522499192
AAGGCGCGTAAAGCTT-1,0.033541529808443576,23.335245591390713
AAGGTGATAAACCAGC-1,13.30571730129865,-6.388104678323746
AAGTAGAAGACCGGGT-1,-2.764488704746909,23.136699717824452
AAGTGTTTGGAGACGG-1,16.51346582751673,-6.626311020843514
AAGTTCACTCCAAGCT-1,7.3889572699213275,-15.540849619812159
AAGTTTACTAATGGCA-1,-21.84148300500914,1.611856145037422
AATAACACTAGAACAA-1,14.877150705908589,5.455064023176444
AATAAGTCCTCGAGAC-1,-28.193215123789287,-3.6089800594008814
AATAGAACAGAGTGGC-1,-0.18828222434906083,-9.598794211230153
AATAGAATCTGTTTCA-1,8.114013190096655,-18.551053907229786
AATAGTCCGTCCCGAC-1,15.077414760004768,-4.355208112704635
AATATCAAGGTCGGAT-1,-5.644479706328706,20.307063739593342
AATCCAAGGGCCTGAG-1,0.8542759372768871,25.460688717315232
AATCGCCTCAGCGCCA-1,13.801572322345606,2.152439632481835
AATGACGTAGGATGTC-1,2.204080242678715,-11.228031205591888
AATGACTGTCAGCCGG-1,-3.1177574814604814,20.55125063451827
AATGCAACCGGGTACC-1,-27.96406959927175,-0.14737214098809642
AATGGTTCTCACAAGC-1,-22.60349478466614,3.8862164903609107
AATTAAAGGTCGGCGT-1,14.937640595734843,15.212528637158643
AATTAACGGATTTCCA-1,11.897982658015302,-15.467898852164389
AATTAGCGCTGCAGCG-1,-7.895270812179354,-10.713689218853963
AATTCTAGAGTTAGGC-1,13.142149843256528,-7.468923332143363
AATTGAACGCTCTGGT-1,7.894332355181825,-7.875157419266306
ACAAATCGCACCGAAT-1,11.99738447432492,-4.146453339218903
ACAAATGGTAGTGTTT-1,9.468181782475277,-6.118486436283578
ACAAGGAAATCCGCCC-1,9.77780921364159,-4.975609364860258
ACAAGGGCAGGCTCTG-1,-4.314005436293282,-17.417710359088073
ACAATCGATCTTTATA-1,-21.71946492052058,2.9916745499601753
ACACAAAGACGGGTGG-1,-28.6577275938741,-3.180342140515219
ACACACCAGGACCAGT-1,8.61351167986668,-13.181734737687574
ACACCCAGCATGCAGC-1,-27.369987206300127,1.5564079207528152
ACACCCGAGAAATCCG-1,-2.1863338265731485,23.814994377888468
ACACCTTAAGTAGGGC-1,-3.5639907815483,20.16088834050574
ACACTGATCAAGGTGT-1,-4.439123292477062,-14.99812972415848
ACAGGCTTGCCCGACT-1,22.86489582905757,2.6288783778053997
ACAGGTGGAGGTGAGG-1,15.189219584963888,5.83761547817555
ACATAATAAGGCGGTG-1,-25.396093019437433,1.2867275662588684
ACATCCCGGCCATACG-1,7.933325576199813,-22.113137176914755
ACATCGATCGTTTACC-1,-2.845128689646265,-20.88758699211769
ACATCGTATGCAATGG-1,0.7385040356403576,-17.188172587823868
ACATTAGTTTATATCC-1,7.9148074525716465,-10.990734817542068
ACCAAACTAGAAATCC-1,-10.696957621311718,8.43151888952676
ACCAACGCTTATTTAT-1,-7.461478847734863,-14.371165645335177
ACCAAGAACGCGTGTC-1,-3.263266349556616,21.607546218233693
ACCAATATGCAAGTTA-1,7.391212513492891,-22.700737802372775
ACCACGTGCAGCTATA-1,8.596116410661574,-6.814678572057184
ACCAGGAGTGTGATCT-1,-18.761830452619733,4.878095161123885
ACCAGTGCGGGAGACG-1,17.103441192301936,-6.693084743699204
ACCATATCCGCAATAA-1,15.234072895259777,-5.7226618472071635
ACCATCGTATATGGTA-1,15.556238340604496,14.412477158666473
ACCCGGAAACTCCCAG-1,8.31614740769404,-14.799742126987784
ACCCGGTTACACTTCC-1,14.330853593557569,9.823810759161692
ACCCTATGCCATATCG-1,-8.536473190930577,-18.797944211734766
ACCCTCCCTTGCTATT-1,18.35388938082748,-6.08176037815985
ACCGCAATAACTGCCT-1,10.837362361002718,-6.010456093906591
ACCGTTCCCGCTCTGA-1,-23.238271157969578,2.5474705334128434
ACCTTTCCTTTAGAAG-1,-16.70287679126451,7.089187939790414
ACGATCATACATAGAG-1,-15.497022970096442,9.724952357584254
ACGCCAGATGATTTCT-1,-8.35456417927109,10.182122834073228
ACGCCCAGCTGTCGAT-1,-18.522870353691456,6.14986489431391
ACGCCGCTAGACGACC-1,0.7184635569916987,-13.199224429696095
ACGCGAAGTCAGACGA-1,13.611210355107186,1.1564094771128566
ACGGATGGTGCGGATA-1,12.538791140493926,-13.309206264995778
ACGGCACTTGCTTGGG-1,18.071254904761762,-1.7545694261085971
ACGGCCAACATGGACT-1,15.878031614574638,-5.448936011312967
ACGGCGACGATGGGAA-1,9.151766253516644,-6.605298034593246
ACGTCCTAAACGAGAT-1,-12.870704664063592,6.571025855312651
ACGTTAATGTCGAAGA-1,-3.576419303542736,-17.531992735598866
ACTCAAGTGCAAGGCT-1,1.1083467647557521,-14.4167724463221
ACTCAATAAAGGCACG-1,-15.513569919288603,10.423990743559164
ACTCAGACCTGCTTCT-1,-1.0522306691213303,28.146824016240547
ACTCCCTAATGCTAAA-1,21.397015256150194,0.40007351722381385
ACTCCCTAGAATAGTA-1,14.793928793889972,2.051774391908078
ACTCTCTGACTTAGGT-1,0.8416846665615065,-13.591079083051133
ACTGAATGGCGAAAGT-1,6.852549619895632,-10.957876515932227
ACTGTTTAGTGTAGGC-1,-19.70632744323184,3.6833071802491797
ACTTACGCATCCACGC-1,7.966823585496437,-20.708369487836467
ACTTATTAGGATCGGT-1,15.294167115603054,13.409330095088075
ACTTATTTATGTGCCA-1,15.872676273824501,-5.540403203356781
ACTTCAGGCTGATCCC-1,12.011304419211525,-5.198581291974675
ACTTGACTCCCTCTTT-1,-2.58612830974545,-15.976511343760242
ACTTGCCATATTGTAC-1,-24.228527528068646,1.1791351083857138
AGAAGGTTGCCGAATT-1,16.164456015585284,13.966475885657683
AGACCCACCGCTGATC-1,16.96776803938938,4.063808726027056
AGACCCGCCCTCCTCG-1,-15.993995440696906,11.419739732779554
AGAGGTATCTCGGTCC-1,-14.507391852165581,4.987016641776532
AGATACGACTTCATAT-1,-15.54345356728554,7.339649208308155
AGATACTCAAGATCGA-1,0.41266471302537916,-16.36873822545233
AGATGACTCGCCCACG-1,-6.736501236320724,17.233834789941383
AGATTATAGGACGTTT-1,20.810100841848673,4.391357825725968
AGCAAAGGCCGCTAGT-1,17.463392367841294,-7.158917641543267
AGCACTACCTCACCAG-1,11.839010203527936,-14.520975512923602
AGCAGCCAGATGAATA-1,19.365537687057532,-0.7633356926762781
AGCATCGTCGATAATT-1,-27.680319463419803,-1.33942405108756
AGCGACAGGAACGGTC-1,11.544451885461235,7.82548910252949
AGCGACATCCCATTCA-1,-8.99826142737521,13.381366043981947
AGCGACCAACGATATT-1,-28.398559448356497,-3.887869978992718
AGCGGGAAGGGTCCAT-1,-15.917459150349703,7.776695585960211
AGCGTGGTATTCTACT-1,2.9426581158029133,-12.097765163055652
AGCTCCTTCGCACATC-1,23.80262371369735,2.331768842649618
AGCTCTAGACGTTCCA-1,12.515811983891792,-0.8609492944528556
AGCTCTTTACTCAGTT-1,15.964348002295393,13.607858604642006
AGCTGAAGTAAACCAA-1,-10.930436556692834,12.50138896564867
AGCTTATAGAGACCTG-1,-24.961541667325402,1.1862959369492736
AGGAAGCTGTCCGCCG-1,19.771199821189395,-5.697212375808204
AGGACAGTCGAATCCC-1,5.611159539611933,-18.845970131442474
AGGACATCGCACGTCG-1,1.2025606290898228,25.553997156341826
AGGACGACCCATTAGA-1,11.242216044418434,9.089451555462164
AGGATAAAGTCGGGAT-1,-0.08213758576136489,-19.010450985032442
AGGCTTCCCGAAGAAG-1,-7.389317456132874,-16.35987739864657
AGGGACAGCACGGCGG-1,-29.011322598898357,-4.031987453788752
AGGGCGTGATCGGCTA-1,-0.08073157946437902,28.071040418268836
AGGTAACCTCCTATTC-1,-1.3309616833503817,23.103652700077696
AGGTTGAGGCACGCTT-1,-26.336273439606156,-1.8446574351009895
AGGTTTCACACACCTT-1,-2.1037822995972557,-20.440607572601436
AGTACTCTTATGCCCA-1,2.557069350462578,-11.469896161849254
AGTAGCGTGAACGAAC-1,-22.74118940139338,1.9159152686646836
AGTCAACACCACCATC-1,15.362534159872123,15.68573950929696
AGTCAAGATGACACTT-1,7.929299153991751,-16.00542943936359
AGTCGGCCCAAACGAC-1,-9.050086133762683,17.48527837707109
AGTCGTCGACCACCAA-1,-0.10207315255698,-20.012701952847713
AGTCTTCTCCTCAAAT-1,-22.795860952149752,4.954866012963009
AGTGACCTACTTTACG-1,-4.86321781043073,-15.477952505148375
AGTGATAACCTGCGCG-1,9.431181727232332,-11.465549705946815
AGTGATATGAGTAGTT-1,-1.9492479189978558,-11.213548201701002
AGTGCGTAGCTCGTAA-1,10.681451338038535,10.093272993093056
AGTGCTTGCACGAATA-1,5.916655159910189,-14.792671847824812
AGTTAAACACTTGCGA-1,15.866980605269879,16.25873722082132
AGTTCCTATTTATGTT-1,-3.020369481104677,-17.409792624260795
AGTTTGCACCTGCCTC-1,12.981294657255733,-14.941640369747901
ATAAACGGACCCGTAA-1,11.819339361760736,-1.2026958163715442
ATAACGGAGTCCAACG-1,-12.351892363154036,10.89819759134336
ATAAGGTGGAGAACAT-1,15.635759647108504,3.549116243055128
ATAAGTTACCGCGACG-1,-4.3911858991447605,-15.56136584390103
ATAATAGCTGTTGAAT-1,12.405475846798193,-0.825552776713783
ATACAGGCCCTCCAAT-1,21.995306622658603,0.7189907278676266
ATACCAGCAAATTGCT-1,-25.7961966062396,-0.29382274057127256
ATACCAGGTGAGCGAT-1,-24.42487557955225,0.7154478536740985
ATACCTAACCAAGAAA-1,12.640291966820241,-13.878587817063389
ATACGCCGGCGAAACC-1,13.644617651734086,1.930101777294696
ATACGTACTTAGCCAC-1,6.854146421905804,-22.455727056199343
ATACGTCCACTCCTGT-1,13.172503600432073,-6.411192966055626
ATACTAGCATGACCCT-1,-27.962714694940892,-1.0472765270406836
ATACTGCCTTACACCG-1,2.2326200694532865,-13.190333572253456
ATAGAGTACTGGGACA-1,-16.817883886974077,12.346780773429234
ATAGATTTGCAGTCGG-1,-22.482040657484927,1.9909659441001948
ATAGGGATATCCTTGA-1,-28.161481720455246,-0.901090360857728
ATAGTGAAGCGTTCTC-1,0.639228844958075,-10.545211449865981
ATATAAAGCGCTCGTG-1,17.826474240548894,-8.72397394775222
ATATAAATGTAGCTGC-1,19.997879089862607,0.6009538510850008
ATATTCAGTTAAACCT-1,14.706303482080692,12.031233013991082
ATATTCCACATAGTGA-1,10.163564203647041,-3.8025532398158055
ATCACATTAGAATATC-1,-10.310453537866518,9.666743126687377
ATCACTTCATCCTCGC-1,-25.96437152893943,0.8440483598406402
ATCAGACGGCACGCCG-1,13.917331447772145,12.950969963290145
ATCAGCCTCATGCTGC-1,5.330957282457676,-22.534477226763084
ATCATCCAATATTTGT-1,1.8901944186998412,-11.038935386437764
ATCCAGAGCAACAACC-1,-5.550513890107827,-13.723287394912827
ATCCAGGATTCGTGAA-1,15.462677985258848,15.876673889632086
ATCCTACCTAAGCTCT-1,0.061403846803463405,18.80305359296201
ATCCTGCGTGGAATGG-1,10.15161657497658,5.89953258598535
ATCGACCCAATACAGA-1,-0.4078740287872843,-14.967914037690962
ATCGACTCTTTCCGTT-1,-15.882247170454558,11.60448442732337
ATCGCACGCCGGGAGA-1,-28.13472412616354,-2.2792048920746013
ATCGGAGACAGACGGC-1,10.545596092007205,-3.511878001928886
ATCTAATATCCTACGG-1,18.17709166170621,-2.2248325045575217
ATCTGGGCTGTTCTTG-1,24.215366250733773,1.7752174330778259
ATCTTGACCTGCAACG-1,-23.16808981774715,8.090106132566882
ATGAAGCCAAGGAGCC-1,-4.135097687385973,23.64495625754067
ATGACTATGCGACATT-1,8.514544280458363,-16.712695353933153
ATGATGCAATGGTACA-1,-6.825758353040979,-15.99242114362533
ATGCATGATCCAGGAT-1,-16.655102428070222,9.488470103527405
ATGCATTCCGTGATGG-1,-17.296166905772168,5.560168564995434
ATGCCATTTGCGACCA-1,14.074352563499259,-4.763470889229692
ATGCCGGTTGATGGGA-1,-13.710165835026057,7.759470581101625
ATGCTCTGGCGCGGTA-1,3.2229269931510216,-21.794896978453238
ATGGAGCAGGCCGTGA-1,6.526537217890721,-14.798614575471447
ATGGATCCGGCGTCCG-1,-15.50142193354577,7.570246861989962
ATGGATTGACCAAACG-1,-28.0470489904471,-2.5778587322090476
ATGGGCCTCGGCCTCT-1,19.092140253910383,0.10799213208527851
ATGGTCGCGTGGTTTC-1,16.298902801046463,-7.54129574307663
ATGGTGCTCAAAGCCA-1,-24.20917385657764,2.2068584443305044
ATGTGCATCCGACGCA-1,-27.93053306938843,0.6568381106078702
ATGTGGACATCTTGAT-1,12.319677168487116,-1.9070951269025378
ATGTGTAGTTTAGTCA-1,-23.35533798339782,2.666324932652696
ATTAAACATGCGGACC-1,0.08777990587233049,-17.497697043844187
ATTAATACTACGCGGG-1,-19.015995982995626,7.712509076120213
ATTACTAGCCTCTTGC-1,0.019473354693013294,27.72552478125023
ATTAGATTGATAGCGG-1,-3.1814537540465064,21.05298766341759
ATTAGGCGATGCTTTC-1,6.9974124377392855,-16.306457612852206
ATTATACTTTGCTCGT-1,-21.000976166948426,4.740121051847416
ATTATGCCATAGGGAG-1,-23.20790682931738,7.325580419922002
ATTCACTGATGTTGGA-1,21.6667027800602,-1.6184124573132277
ATTCATATACTGTCCA-1,1.1469564012415898,-8.932180674827896
ATTCCTCCGCCAGTGC-1,-3.1851221534574523,23.125064146643606
ATTGTCGCAATACCTT-1,-12.450937684528832,8.648754796685887
ATTTCCGGGTTCTGCG-1,-9.639589706238809,-17.975649868978532
ATTTGCCTAGTTACGA-1,-14.398423660480441,5.710200173155299
ATTTGTCTTGGGAGCT-1,15.763946629222646,2.2623690394798093
ATTTGTTCCAGGGCTC-1,-15.114515532790145,10.137101949540579
CAAACGAGTATCGCAG-1,-6.950085227157267,-17.383853946600667
CAAATGCGGAGTGTTC-1,-16.314388285562835,6.30991548988075
CAAATGTCCTTCCGTG-1,-3.5035936121616036,-16.714840039350854
CAACGACCCGTTTACA-1,-5.468781754312139,19.981273452729454
CAACGGTTCTTGATAC-1,-1.2025692712891465,25.78954826354035
CAACTCCTTGATCCCG-1,-2.048679938323407,26.182948782878224
CAACTTGTAGTGGGCA-1,-5.030338769878732,20.542342594078516
CAAGAGGGCGGAGTAC-1,8.39218611109991,-7.578659966044933
CAAGATATTATAACGT-1,8.107182379712857,-14.570607891417518
CAAGCACCAAATGCCT-1,-7.962300765020024,13.204453087825387
CAAGCGGCACATAATT-1,16.147906792561628,-1.8485600633886687
CAAGGATCGCATGTTC-1,3.5124712437986223,-9.180554936569294
CAAGTGAACTTTGGTT-1,-18.528434458726228,3.6712778079950152
CAATATTCTTGACCTA-1,-8.328470155795731,-12.06742908733707
CAATGCGAGAAGTATC-1,16.143550762605155,-9.04066125249862
CAATGGTCGGCCTGGG-1,-21.20896529465843,2.7638002230825522
CAATTTCGTATAAGGG-1,1.6646393396048085,-20.97273503461103
CACAATGAGCTGCTAT-1,13.277070503674862,5.678391100844933
CACAGCTAGGGAGTGA-1,-28.250551137914005,-1.0299747044890766
CACATATTAGCAGGAT-1,10.370663211543253,-4.736384616259485
CACATCTCACCGACGA-1,6.448078697450562,-22.887783847152026
CACATGATTCAGCAAC-1,9.742122854490496,-12.710450504525394
CACCCACACGTCACCC-1,1.1348154347465194,26.655221046202517
CACCCGGTTTGTGACT-1,13.566019531531195,5.597548402490474
CACCCTAACAAGATCT-1,5.878873311915211,-16.127492451358044
CACCGTTAGGGATCAC-1,-8.422268614821629,-16.72377551635836
CACCTAATCAGTTTAC-1,-14.003741767457896,9.180412542227801
CACCTCGATGGTGGAC-1,-14.835819970163234,8.748005738450138
CACGACTAAAGTTCTG-1,-16.40514989610535,4.687446764259773
CACGCACAGCGCAGCT-1,-12.511967552497508,11.205044902605133
CACGTCGGCAACCTCT-1,14.159847892322047,15.525176117211048
CACGTTTCGTACACAC-1,15.277191797103496,3.9697923407201503
CACTCAAGAGCTATGG-1,4.427769955481508,-23.246272920086792
CACTCCTCTCGGTCGG-1,-13.62445334794027,8.724906892375637
CACTCGAGCTGAACAA-1,10.111652012166198,-3.8859257630740287
CACTGTCCAAGTGAGA-1,-1.7106622078874587,27.655528135655388
CAGAACTTAGCCCTCT-1,21.866076763803672,3.3383739903418963
CAGACACCGATCGCTG-1,-10.996531177644911,-17.69342037584369
CAGACGAACCTGATAC-1,-6.5367816432145025,-18.313244703976164
CAGAGACGGTCACCCA-1,2.708891591012633,-15.406531524793259
CAGAGGCGATGCATGA-1,-10.831540612401184,-17.836311387251232
CAGATACTAACATAGT-1,-8.738194218660874,19.090989866428494
CAGCCCTCACAGGCAG-1,-21.81846974271655,4.1035215885881975
CAGCCTCCTGCAGAGG-1,-8.67843393542796,11.626431646139977
CAGCGATTCCCTTCAA-1,-8.855712232478217,-17.508734598588983
CAGCTCGTGCTTGTGT-1,1.404078615286091,23.526710284665565
CAGGAAGACTTTATAT-1,-10.677656779202406,10.966995815101928
CAGGATATATCGTTGT-1,1.7095418727711478,-16.699052939496156
CAGGATCCGCCCGACC-1,-16.90263661558938,5.3335765465095974
CAGGCCGTTTGGGTGT-1,15.919398161229532,16.337936798091466
CAGGCGCCATGCTAGG-1,12.668627153117551,-1.0233529271955968
CAGTCTGTATACTGGG-1,-0.12288147592144703,-15.700315106221886
CAGTGTCCGCAGAATG-1,-5.276444129930768,19.866527847343512
CATAAGAAGCTTGGCT-1,15.27334236156917,-8.906794153051537
CATACAAAGCCGAACC-1,-9.716598331950514,10.232746106716629
CATACGGCGTCTGGGC-1,3.888240105530455,-7.533491078644283
CATACTATGTAATTGT-1,14.483327964147918,17.16396817618644
CATAGCGTTGCCCACC-1,13.29657785789623,6.128279272542238
CATAGTAGCATAGTAG-1,-0.12471534016484988,25.70093298644739
CATATAGGTACAGTCA-1,-0.15711831027138387,-8.850166999940342
CATCGCCCGCGGCCAA-1,1.1908307532723728,25.835600794176578
CATCGGACGGGTTAAT-1,1.321452362008892,-11.249757842045861
CATGAACCGACATTTG-1,1.0693752618296966,22.724600755563458
CATGAACCTCTTATCA-1,-27.662031477682376,-3.275330260535843
CATGAGATGCACTCTC-1,6.0131172828254495,-22.80037697914889
CATGATGCACAATTCT-1,-22.03292043677861,4.2833279016284855
CATGGCAGGAAGATCG-1,-7.310830006079217,15.516115522801977
CATGGGTATGCCTTAT-1,16.55834642331275,-9.280572467281337
CATGGTAAGTAGCGTT-1,0.6418220364491768,-14.71172416456655
CATGGTCTAGATACCG-1,-13.255763469523279,10.299546887641222
CATGTAAGAGACATTT-1,16.716748394710315,3.7783744986443297
CATGTCTCATTTATGG-1,17.292810665280154,-5.557961238380971
CATTACGTCGGCCCGT-1,-9.089842334606747,16.135782000315622
CATTATAACAGGGTCC-1,-17.99129782391379,6.349788614787979
CATTATGCTTGTTGTG-1,-23.428628310662738,5.939309743995402
CATTCACTGACAGCTA-1,-22.026494774751423,2.295202960710919
CATTTGAGTGGTACGT-1,-8.001971303286252,-18.175035522104903
CCAAACAGAACCCTCG-1,-5.206342427231329,20.961882291042013
CCAAGAAAGTGGGCGA-1,-7.934544766183265,-13.651839707622702
CCAAGACTTCTGCGAA-1,-28.58935830258743,-3.172431874831972
CCAAGGAACAGAGAGG-1,0.6469781830326338,26.668040784266427
CCAATCGGTAGATCGA-1,-11.794359665059444,9.395060469570572
CCAATGTCACAGCAAG-1,15.065348648890069,14.004599076663531
CCAATTGAATGTTAAT-1,-2.5416965758857684,24.562588470427855
CCACACTGAGATATTA-1,14.96326935630967,16.783027290701376
CCACAGTACCCATCCT-1,13.915736180015678,-4.820249112755729
CCACCAACTTTACTGT-1,14.136748749388609,6.458733803744946
CCACCCAAGGAAAGTG-1,15.021676569895762,3.5312313516170475
CCACGAGAAGAGAATC-1,-7.756065588893336,11.65414943690697
CCAGAAAGCAACTCAT-1,-6.264666188820655,-12.276069161467026
CCAGCCTGGACCAATA-1,6.390065354791232,-15.270097044661673
CCAGTCTTGTCATAGA-1,3.1711315299124982,-21.04926680404941
CCATAGGTTGGCGTGG-1,-15.011551225573832,11.925234309142716
CCATCCATACCAAGTC-1,-9.124644423760593,14.8553322125376
CCATCGCAGTTAAACT-1,14.379401804680024,-3.7524096648005196
CCATGCTCTGCAGGAA-1,-0.6153321615195347,22.944250417000095
CCATTTCTACCTATTA-1,20.185522120420075,0.4726745216553416
CCCAAGACAGAGTATG-1,-15.130169631699742,6.139451331333434
CCCAGTTAAGGCGCCG-1,9.534087638475238,-2.963882059661731
CCCGACCATAGTCCGC-1,-27.357445387637938,-2.567191185722245
CCCGCAGCGCGAACTA-1,15.329403450033144,4.4777498734027095
CCCGCCATGCTCCCGT-1,-0.4576085545695241,23.055802290294903
CCCGTAGCTGGGAAGA-1,-9.452147925344855,-17.054093736308666
CCCGTCAGCGTCTGAC-1,-27.79847856171282,-1.6574189701923587
CCCTCATTCTGGAATT-1,0.19773057855408038,27.527873048742727
CCCTCGGGAGCCTTGT-1,-18.507028014106282,4.098057464445797
CCCTTTGACAGGTCTT-1,3.691072553631609,-18.184255409070268
CCGAACCTTCCCGGCC-1,15.704003135460157,2.424752348851946
CCGCATGTGGTACGAT-1,15.905657484433808,-7.328127654197194
CCGCCACCACAATCCA-1,-23.94046949145302,0.5247704062241247
CCGCGGAATGCGTCAC-1,-6.555050997435392,-16.9649451548216
CCGCTATCAGCACCAG-1,9.112010867749,-2.2464254320776353
CCGGTTTGTAATTGTG-1,-9.385851203449578,-18.331435350410015
CCGTGCCCATGACGGC-1,0.38616578231329873,25.14592836867519
CCGTGTTAAATTCCAT-1,13.000569979733669,16.296589220499985
CCTAAACAGGGTCCGT-1,-22.12334894762091,2.425727106766246
CCTAAATTAACGGTTC-1,0.6177667587948309,-14.314701811768211
CCTAACCCAAACAAGT-1,11.288536248510281,-9.218033802642777
CCTACGGCTCAGTCGA-1,-17.880658287859784,2.644814980284285
CCTATAATGAGTGCCC-1,11.700920249220347,-14.450928419275872
CCTATCTATATCGGAA-1,-20.77972341969816,5.840090980518638
CCTCACCAATCTTGAC-1,-14.970371026465028,6.650258947128573
CCTCGACCCACTGCCT-1,-14.955559409444833,6.312624813552331
CCTCGCCAGCAAATTA-1,-7.7175760313081385,13.0671456706948
CCTCGCGCTGTGCGAT-1,19.124273833427623,-3.429940491395795
CCTCGGACCGGGATAG-1,18.40193405863922,-0.6988474424000215
CCTCTAATCTGCCAAG-1,-10.728788814789917,6.627715952789921
CCTCTGTACTATTCTA-1,9.039043992641217,-4.169151993931029
CCTGAATATTTACATA-1,-9.766460354244238,14.063533187266119
CCTGACCACCGATGGT-1,0.9493836603886109,-8.836087886343668
CCTGCTATTTGAGAAG-1,-16.111810594750768,11.534167206211537
CCTGGTCGAATGTGGG-1,9.747733390283782,-21.10355947272304
CCTGTCGCCCGTAAAT-1,12.249462147573897,-8.173235816702714
CCTTCTTGATCCAGTG-1,-10.129150691157951,13.634927512215212
CGAACCCGCATGCGTC-1,-7.818044155797483,-18.40750401481044
CGAGACCCTAGAGTGT-1,-0.6773058927369952,-19.061360352377193
CGAGCGTTGATCAGCC-1,-1.1440432363314084,24.17571785849541
CGAGGGACTGCGGTCG-1,5.4277753692581605,-15.688721023316331
CGATACCTCGCGGACA-1,13.966110535063546,15.992397196312226
CGATCCGACCCAGTGC-1,15.47080933267375,15.55139640594446
CGATTAAATATCTCCT-1,7.142427073184544,-16.919148192400037
CGATTCGCCTGGCTGC-1,18.88879833581771,-7.4782724726640835
CGCATGGTGCGATGCT-1,3.7358594811623718,-7.746058677338262
CGCCCGCTTCCGTACA-1,-10.255037869211488,13.205923829492468
CGCCGCCCATGCCTGT-1,9.861046053983094,-9.120341099714913
CGCCTCCCTCCTCTAT-1,-1.4727325675110847,-18.59278664732713
CGCGACCGCGACAGAT-1,8.588606509149484,-9.920181912790085
CGCGCATGTTTGATTG-1,-7.881146790266551,-13.318314951886974
CGCGCCCGACTTAATA-1,-17.248756326123985,8.165628729954443
CGCGTCATATTAAACC-1,-14.478491753138167,7.300279749049895
CGCTACGGGACATTTA-1,15.704271953533338,16.30616835542456
CGCTATACCGCCCACT-1,-14.20874209030276,10.931279785669267
CGCTATTCTTAGGCTC-1,6.513681847627711,-20.26882247773487
CGCTCGACATAATGAT-1,-4.584870144495402,22.69326764252029
CGCTGTGACGCCGCAC-1,-1.7457388030986776,20.666547738247417
CGCTTCCACTGAAATC-1,-1.7569295413830603,22.023537811850076
CGGAACGTAAACATAG-1,-5.403791050174516,-11.27704398244173
CGGAGCAATTTAATCG-1,9.143198278356072,-5.748919453866471
CGGAGCATGGCGATCC-1,3.7417534631850295,-8.534383782470162
CGGATCCTCAAGGACT-1,4.001853437239601,-15.478473679811552
CGGCAAACATCGTGCG-1,6.322383338414525,-19.218495012947056
CGGCACTCAAGAAAGT-1,-28.374659035608747,-3.9246952053293223
CGGCTGCAAGATTAAG-1,-16.79077947325582,3.733392698594103
CGGGAATTTATGTAAA-1,8.839586610574285,-2.0790735139401786
CGGGAGCTTCAGTGTA-1,15.752466728508796,-5.18697228105108
CGGGATCAATGTAAGA-1,-25.416584189796897,0.933596224465104
CGGGCCTTCTTTGTAA-1,10.345057105219245,6.079352446027452
CGGTACTAGAATCAAA-1,6.687044001927769,-9.638941997793616
CGGTCTATCAACCCGT-1,-10.889180697049955,11.404630349981346
CGGTGCGCGTTGGTCC-1,11.753064293265734,11.996910733956685
CGTACCTGATAGGCCT-1,-22.85666290021124,4.380759349446199
CGTCACGTCCATTGGT-1,-4.549300069270948,-12.09333003221669
CGTCAGTGCGCACAAG-1,0.8904058493036601,24.564192673368716
CGTCAGTTTATCGTCT-1,-20.934005241430036,4.71240414704173
CGTCGTCCTTCGCGAA-1,6.88105193130923,-22.043694536659707
CGTGAAGTTAATTCAC-1,17.58498400727106,-3.3205045553114587
CGTGACATTGGGTCGT-1,-13.744387432464354,5.469096927729649
CGTGCAGACTGGGACA-1,6.740251530747212,-10.817087812856043
CGTGCCCGACATTTGT-1,-15.561300769758974,5.613847374316454
CGTGCCCTCCCGAAGA-1,-1.7356581582368311,-16.61738927269451
CGTTAATGTCCCGACG-1,1.3950757074000486,-20.54951764096962
CGTTGAATACCGCGCT-1,8.256253253968474,-19.91241929443491
CGTTGAGCGACCGTCG-1,-1.2429501277475687,-16.441676402631767
CGTTTGTGTAGAGGGT-1,-7.484088881975473,-12.814422730872394
CTAAAGGGAAATAGGA-1,2.6034611936053915,-8.247460210037199
CTAACTGGTCCGGTTC-1,14.108193907648989,15.550856551226856
CTAAGGGAATGATTGG-1,3.121801502196767,-10.083193661161479
CTAGATTTACGACGGC-1,-2.1882010803365373,-18.13998028099485
CTAGGCGCCCTATCAG-1,22.56498806342822,2.206245436107483
CTAGGTTCGGACGTGA-1,22.54658438912685,0.780312658362742
CTAGTCACGTCTTAAG-1,2.40315727475233,-20.966871640546415
CTAGTTACAACCCGGT-1,3.4603306693961553,-18.703753267836923
CTATTCATGTGTCCCA-1,9.4583485725374,1.5263286972376362
CTCATTTGATGGGCGG-1,-27.51104518577214,-0.9271142539215724
CTCCGCCCACATGAGG-1,14.63275452365905,16.83073825614736
CTCCGGCCTAATATGC-1,-15.711860811025943,10.986738806797348
CTCGCACCTATATAGT-1,-8.570772926412925,15.754987922655284
CTCGCCGAATGTAGGG-1,16.642714556693264,-9.67482771071821
CTCGGTACCACTGCTC-1,11.04030311145547,1.363599002605346
CTCGGTCCGTAGCCTG-1,-5.600303001056645,18.057479469894826
CTCTATTTGGCTGCAG-1,15.03933655324032,2.7184888034750303
CTCTCGATGTGCGCCT-1,-18.415377686962277,4.887617143728162
CTCTGCGAAGCAAGCA-1,-0.6451755819517242,26.68413448209598
CTCTGTGCCTGCTATG-1,-21.102829833535708,3.4864843434084536
CTCTTGTCCCGCTTGG-1,8.207495324752665,-6.885661177418648
CTGAAAGAGATCCGAC-1,-10.214007895374959,12.448910498529012
CTGAATCCGAGACCTC-1,-4.434093363255865,-14.233083423413243
CTGCAAATGGGCTCCA-1,-10.55028882930486,8.774417789297289
CTGCACAACTACATAT-1,9.849540629367159,-4.059831131333255
CTGCACCTGGAACCGC-1,-2.7872284429293415,23.307308072542227
CTGCACTCCAGTACAG-1,15.23620137666131,-8.028559046541412
CTGCCAAGGTTGGAAG-1,-10.39528971470012,12.214409584863718
CTGCCATGCATCACAT-1,2.44849648550953,-9.941133669444554
CTGCTTGGCGATAGCT-1,20.21983776693328,0.5795473226795766
CTGGAAGACACGGTGG-1,20.13072843676593,0.35353796811784316
CTGGATTTACACTTGA-1,-3.944991510240896,-11.112131886011609
CTGGCGACATAAGTCC-1,-10.673963514763042,9.948760445138758
CTGGCTGGTTGTCAGT-1,11.416562673569508,-14.244991530722563
CTGGGATCGCCCAGAT-1,-15.240097856859794,7.943993636813422
CTGGGTAGGCAGTTAA-1,-3.4929475106195476,-20.720507217449068
CTGGTAACACATAGAA-1,11.140978864965417,-8.541331257397903
CTGGTTTCGAGCAAGA-1,7.407087460462256,-18.140896002723
CTGTACTTCTTAGCAT-1,15.044583678351273,15.810697830461468
CTGTGCAGGGTAGGTC-1,-1.622529544743826,-16.870344265116984
CTGTGGTCGGGAGATA-1,11.580325085282514,-4.272530441428293
CTGTTACCCAATCTAG-1,8.20319163613903,-1.573646720008264
CTGTTCACTGCCTGTG-1,-24.8510813583798,2.675722478641194
CTTACACTGGGAAATA-1,-0.32689140188680293,24.746144409104524
CTTAGCCTTCCACATG-1,-15.4295500877389,8.760781661033235
CTTCAACTCCACTTGG-1,19.964125920068124,-5.834691993804859
CTTCATAGCTCAAGAA-1,-3.395656321248428,23.75034214706025
CTTCATTGTCAGTGGA-1,15.351527757820387,-3.8804169584368093
CTTCGTAGATAGGTGA-1,14.778408303757892,14.760625807055813
CTTCTATTAATGCTAG-1,-3.288639394438054,-14.351706385846036
CTTGCCCAGGCTCTAC-1,-2.823795879950679,-17.51535671151042
CTTGTACTTGTTGACT-1,-6.41558012094412,18.755696313882524
CTTGTCAACATTCGAG-1,9.258593715134458,-11.680007401235816
CTTGTTGCTGAGTCAA-1,7.97726421713531,-15.010889184376015
CTTTAACTTTCAAAGG-1,-8.400219878432663,14.05405616065226
CTTTAATATTGGTCGA-1,13.9046599832256,-2.306567442605321
CTTTACCGAATAGTAG-1,21.407251995842426,0.22256034555632412
CTTTAGGAACACTGTT-1,13.903228394402655,1.5733704866455187
CTTTAGTGCTATTATT-1,-2.8743525369400027,-16.513850735984665
CTTTCTGTGCGGGCTT-1,7.14910137622008,-9.874837809347573
GAAACCGAATTACCTT-1,-4.745957062897121,-13.538912510089457
GAAATCGCGCGCAACT-1,-9.047415619377263,12.987755711267285
GAAATTCACATCGCTG-1,-0.2840376060007943,28.057077960253146
GAAATTGTCTCTATAA-1,-5.936344642327388,-12.074454734679158
GAACACACATCAACCA-1,-23.36941580095252,5.9327977247052806
GAACAGATTACTAAAT-1,22.51242739491747,2.1099312516270934
GAACCATCTGGGAGAC-1,-19.12278652917022,4.869220913050073
GAACCCTCTGTGTTCT-1,17.82411146931208,-7.42141760409378
GAACGACCGAATGATA-1,-9.169846742572236,15.418021495414786
GAAGAACGGTGCAGGT-1,-2.702454276160448,20.75104877350836
GAAGACTTCAATGCCG-1,-19.066071599827087,3.4791683817137504
GAAGTCAGTTGCACTA-1,7.496544723731198,-16.857971640744548
GAAGTGATTTATCGTG-1,15.324013062873409,14.964493855590632
GAATCGCCGGACACGG-1,-1.2574510735679936,21.78762071902413
GAATCTGAACATTCTC-1,-1.2896147756695073,-20.801772603424272
GAATGTGGTCCGGATT-1,-1.4343658021728884,-20.075901844232785
GAATGTTGGGTAATCT-1,-7.852046146077835,12.264283420054959
GAATTCACCCGGGTGT-1,-6.0613894287376,-18.355786630061434
GACAACGACCATTGAA-1,-9.807971655612004,10.930512311261573
GACAACGCAGCTTACG-1,-7.977111698353242,17.250232169964637
GACACTGAGTTCAGTG-1,14.237012285330026,7.154019032337959
GACAGCCAGACCTGAC-1,7.623472794920159,-13.4018228486065
GACATCGATTTATAAC-1,-5.5498698469625065,-14.13260313292104
GACCAGGTCATTCATA-1,-13.53661486812145,7.475511277078005
GACCGTGCTGACGGTG-1,12.46053781075692,9.126133376438053
GACGACGATCCGCGTT-1,8.941402948084152,-8.63974552647102
GACGCCGTAAAGGCTA-1,16.184088933731754,2.89634398945788
GACGGACCGCGTTCCT-1,-22.59339935193251,1.1597140621811777
GACTAAGATCATGCAC-1,-26.428700504176057,1.756684138092983
GACTGCAAATCGAGCT-1,16.612595660776698,-10.204948911867783
GACTGCACCAGCCCAG-1,-0.41040652522038074,-14.48050511293509
GAGACTTCGCGACCGA-1,12.528052580612217,-14.658304899660145
GAGATCTTCCATGACA-1,6.36665763011409,-20.256639247890632
GAGATGGGAGTCGACA-1,15.849217301889146,3.7210088397716494
GAGCACCTGTGTCCAG-1,15.958444455107964,-8.52008766542612
GAGCATCATCCCTGGG-1,-3.2476712344650167,25.797598277030687
GAGCCACGGTAGTAGG-1,-3.081578229232152,24.891077041838855
GAGCCAGCTACCTGTG-1,22.60951918733654,3.3368505580794756
GAGCGCGCACGAGTAG-1,19.415312835440407,0.1724491825904022
GAGCTCTCGGACCTAA-1,-26.67506840265434,-2.1736389310975017
GAGGAGTAATTCCTAC-1,-19.549537573893648,4.127238831830174
GAGTACGGGTATACAA-1,0.5512239184794387,23.526550574266956
GAGTATGCCCGCCTTG-1,-4.93795146006087,-10.857636538842243
GAGTCCGCTTACCGGA-1,3.000180532900641,-14.468005536786176
GAGTGTGCGGTACCCA-1,3.9980896313841967,-20.94419355924142
GATAAATCGGTGGATG-1,0.12498419678763052,23.79459554783131
GATACGATGGGAGTCA-1,11.272512705778263,6.4608154407895695
GATAGGTAACGTTGAC-1,13.140681912293301,0.5038168423872722
GATATGAGACACTAAC-1,13.140151502975888,-1.1143805642062317
GATCCGGGAATTAACA-1,3.229043522155985,-11.115344541193995
GATCGCGGGCTCTCCA-1,16.262718746725504,14.9876706770881
GATCGTGACTGATATC-1,10.923081093835737,-9.344792903170196
GATCTTGGAGGGCATA-1,6.3515200212870475,-7.463690736829277
GATGCGTCCTGCATTC-1,9.240512600676896,-15.486966653329175
GATGCTGTATTTCATC-1,-0.35366609218220424,-15.64125158696774
GATGTTCAATCCACGA-1,15.436923879162554,14.62666827959939
GATTCCCTTGTCGCAG-1,-14.85411148221466,10.590704654061849
GATTCGACGGTTCACG-1,-2.4817596925366385,-19.02723803682413
GATTGACACTCTGCTC-1,-17.58514824883476,5.271181581791655
GCAAACCCTACATTAT-1,-1.6554216410382017,-13.290166746085827
GCAAACCTTGGCCATA-1,17.95407536787691,-7.851679370293991
GCAAGTGCACAGAGAA-1,-5.313552960468352,18.520801075879035
GCACGCCTACTTAGAT-1,-6.300841245316534,-12.453570776595788
GCACTAGTCGCGCTAT-1,1.6257088408174842,24.043588170944407
GCAGATCCATAAGACT-1,23.345613663737097,2.0317024222678035
GCAGATTAGGGATATC-1,2.10503878259927,-20.969053857420413
GCAGTGTGGCTATAGG-1,4.209343824637087,-19.2753688237742
GCATAGAGCACTCAGG-1,4.004174111644595,-21.16971649748088
GCATCCCTAACTTTGA-1,0.11850327612732857,22.147100048145415
GCCACAATTTAAGGAC-1,16.985265404425046,15.441811065912484
GCCATCGAGCTGCGTG-1,-7.333697468695651,-13.78203081487841
GCCCACCAAGGCTGTC-1,-10.510403534092875,7.640807747082003
GCCCAGTTGGTATGCC-1,-8.383177068964601,19.40184330015874
GCCCGATCTGTGGTCG-1,5.122948104921514,-9.86825950912985
GCCCGCGCGTAAACGG-1,11.307345772659566,7.022326638037743
GCCCGCGCGTTTGACA-1,-2.6851296671872498,25.638500682900606
GCCGATTGGCCAAGCT-1,0.8688849786190768,-19.841435703171456
GCCGGAAACACATCTT-1,-12.404606922521431,7.002202593465333
GCCGGGTTAGGGTCGC-1,-0.5630571120557045,-18.789696190857025
GCCTAGCGATCTGACC-1,-2.0326146620185264,27.020131117782622
GCCTCTATACATAGCA-1,8.495251504313694,-18.584257440865898
GCGAAACTTAACTGGA-1,2.172685368245618,-15.840363446001298
GCGACGATAGTTGTAC-1,-6.517858553250808,-18.536485982836655
GCGAGGCCCGAGCAGA-1,14.27761261398358,15.779928143444353
GCGCCGTTCCACGATA-1,6.544390733696655,-21.863446345496605
GCGCGTCATTGGTACA-1,7.211777823138811,-14.386037260368667
GCGCTATGCCGAGGCA-1,14.704538156317497,9.265933505749537
GCGCTGATCCAGACTC-1,-15.96515942204581,4.760384960480351
GCGCTTAAATAATTGG-1,4.455912789026646,-12.298219915927728
GCGGACCGCGTTGTGG-1,10.979658090562165,5.372603938788803
GCGGAGAGGGAGAACG-1,-0.4445400762402194,-16.031702769729684
GCGGGAACCAGGCCCT-1,-0.9191051970151826,19.98176318639015
GCGGTCCCTAGACGCA-1,0.7476395072053923,22.666512329112134
GCGGTTCCCTATCATG-1,-5.463677794177206,-12.619557451319771
GCGTCGCCAGGGTGAT-1,7.740092931494506,-9.091118295971633
GCGTGTATGTCGTATT-1,-26.652676810062978,-0.46787508359226976
GCTAACTGAAGTCTGA-1,3.859711075775082,-18.633153764213255
GCTAATACCGAATGCC-1,-3.842709258968774,24.234113081628518
GCTACGACTTATTGGG-1,3.554933229449765,-8.558905219415413
GCTAGCTTGAATAGCT-1,12.191557479605619,5.810622387806703
GCTAGGCACCACGGAG-1,23.685849584924025,0.8476586828743559
GCTAGTAGAGCTTGTA-1,4.034908312881574,-8.233112275087388
GCTAGTTTCATTGAGG-1,-3.107961889759439,24.164559153669398
GCTATACGTCTCGGAC-1,22.691492416026424,3.5813710668577023
GCTATCATACTCATGG-1,6.960255521806634,-18.709909080120646
GCTCAATCCGTTTATT-1,-9.107408309866706,-18.669323699578502
GCTCTAAACCCTGACG-1,-26.70222959107056,0.27760397013441934
GCTCTCGGGTACCGAA-1,-23.140613974674498,6.908182729213236
GCTGAGGCGTGAGTAT-1,3.7224218885006204,-7.788362884035565
GCTGCACGGTTTCTTA-1,-4.273244695036062,-14.911413703114206
GCTGCTAAGTAGTCGA-1,22.472820987546235,0.9406352788531507
GCTGCTACTGCGTAGC-1,10.149612159065638,-3.604450690675319
GCTGGCGGCGCATGCT-1,11.751142113272893,-4.921442925911743
GCTGTATTACTGGCCC-1,14.408303623827504,14.866197500220713
GCTTAATGTAACTAAC-1,6.007031800760258,-9.634485856465279
GGAACCGTGTAAATTG-1,-4.0977867433745585,-20.53814695874177
GGACCAACAGGATAAC-1,-1.246223810226185,-20.780241474129454
GGAGAAGTCATTGGCA-1,-8.276270668478862,19.589782279361028
GGAGACGACACCTTTG-1,-2.9074442697166605,-17.83505193104223
GGAGTGCCGCCCTGGA-1,-6.925273696259023,18.247582124782657
GGATACTCATGAATTG-1,-1.9003266648530812,27.300847810898503
GGATTCCGCTATACCC-1,-8.201870900320765,12.232562612387994
GGATTGCTGTGACTCC-1,5.911553791729165,-19.884485144978044
GGCAAATTACTTTACT-1,10.28060763603469,8.674195328415252
GGCAAGGCGAAATAGC-1,5.204057808189543,-7.834328334679331
GGCATATCGGTTCTGC-1,-10.642089425231342,7.353450765370179
GGCATCAACGAGCACG-1,-20.489990129417208,5.834028068191624
GGCGAAATCTAACTTG-1,7.716782912811043,-17.987793383242515
GGCGCATGAATTGATG-1,-4.589446084151439,-11.984086348217346
GGCGCGGAGATCTTTC-1,2.5646545500705344,-20.31101096090408
GGCGCGTTCGAGTTTA-1,8.911607191991443,-0.8979586914038202
GGCGTACCCTATATAA-1,-18.0862708433711,7.279556888520745
GGCTCGTGCCACCAGC-1,1.1837461957194568,21.334221467166337
GGCTGAAATAGCAAAG-1,8.856516436011608,-5.488825272896592
GGCTTTCAATAAGGGT-1,7.738369004112898,-22.15363309305395
GGGAGGATGCCCGAAA-1,16.084530440421297,17.195096925691075
GGGAGTAATGGCTGGC-1,0.8237652028357293,25.804678228694062
GGGATGGTCGTAACCG-1,10.540787306660008,8.852885461684474
GGGATTTACCGCACCT-1,11.060299018823475,-9.885471760456419
GGGCAGAGCAATCGTT-1,6.025740601523935,-22.4704162358806
GGGCCCGTCTTAAACA-1,-4.460515300381982,-10.867524610024942
GGGCGGCAAATGAATT-1,-7.40572306757622,-17.802937426475257
GGGCGTACATTTATAT-1,-24.3283080685169,5.735965090555957
GGGCGTCACCACGTAA-1,-7.72788419464751,-18.179294735209993
GGGCGTCCACTGGCTC-1,-11.16089876889586,10.102120500951596
GGGCGTGGTTTCCCAG-1,3.8425676795570274,-15.390369640057482
GGGTGACACCTTAACT-1,-3.940540415063008,-16.603334038476614
GGGTTAACATTTGAGT-1,-6.6842656127503055,10.217051013158565
GGTAACTATGTATCTG-1,1.2335905987198539,23.527614469881584
GGTACAAACATGCTAT-1,12.44750493969488,10.291448947227643
GGTAGAAGACCGCCTG-1,10.12357818775901,-11.249745463585777
GGTAGACCGTTGGGCG-1,7.895664124796,-11.027418791101663
GGTCAGTGGGTCCCAC-1,13.332356936449685,-0.5554374484375069
GGTCGGTAATTAGACA-1,-11.718217718070688,11.09362603857148
GGTGAAACCGGGAATG-1,-24.48507696766511,1.0663262889171927
GGTGAAGTACAGGGAT-1,13.998746483789114,17.39164684201589
GGTGAGATGCAGATAA-1,-6.8604855636524285,18.7065724055748
GGTGCGGATAAGTGGC-1,-4.023480434103455,24.919299983242944
GGTGCTGGTACACATT-1,14.7645173081683,16.88172172145414
GGTGGACTGCTCTGGC-1,19.758364271509542,1.3184815636736171
GGTTAGCTATATGTCT-1,11.81454231719989,-11.91178443125829
GGTTGTATCGTGAAAT-1,-19.057412694131052,4.2379961150665135
GGTTTACAATCTCAAT-1,-11.067794342180381,11.589823182770706
GGTTTGAGTGCTGGAA-1,-1.0251420456980993,26.381472025964293
GTAACTTGCGGCAGTC-1,-6.35891674076581,18.521761916298658
GTAAGCGGGCAGTCAG-1,-8.876354330226851,15.477612043640352
GTAAGTAACAGTCTGG-1,15.385216852322452,2.1694214161503953
GTAATCTGATTCTTCG-1,-6.791164499823379,-16.05947758861185
GTACACTTACCTGAAG-1,10.915582594404873,-10.098954018402928
GTACGAGATTGCGACA-1,-28.410722238484585,-0.5490622614998428
GTACGCTTCATTGCAC-1,9.666464705448508,-3.5231840943687187
GTACGTTTGCCCGTCA-1,-1.9387927222636667,-17.836087800616912
GTACTGAGGTCGTAAC-1,0.9318797314925343,24.449617881156268
GTACTGCATGAAGCGT-1,-6.481178704747473,20.21229978338216
GTACTTGGGCACTTCT-1,-16.646221246852928,3.1374753916248888
GTAGACGTCGTTACAT-1,-7.774353573866878,15.501181070229421
GTAGCCAAACATGGGA-1,10.136982098135718,0.558679517917187
GTAGCGCTGTTGTAGT-1,-22.363994000678385,2.374218378095246
GTAGCGGCTATACACT-1,3.3284077209698535,-11.161148122846674
GTAGGTGATCCGTGTA-1,-24.387684534924993,1.916602791804372
GTAGTCGCGGGAATCA-1,-8.381768361624935,-12.061171753459742
GTATAGGACTCAGTAG-1,-17.363202364307636,10.64902457387585
GTATCTCCCTAACTGT-1,-19.646324196409783,2.854053504587713
GTATCTTGTTGCTCAC-1,-16.62004762514161,3.828278597868946
GTATCTTTCATAACCA-1,12.583649966466467,-1.0936474638359435
GTATTCTGAGAAACGA-1,11.502580576335763,11.18945275594647
GTCAAAGTTTACATAG-1,-26.128167624266894,-1.6286663266569166
GTCAAGCGGACTCGGG-1,9.85029872642567,0.2487722997805817
GTCAATTGTACTGAAG-1,-28.86530604677161,-3.9440089836474432
GTCATGGACATGACTA-1,-22.975064765124074,7.131150606776683
GTCATTAGAGCGAACG-1,3.2374087489769163,-20.943245337695053
GTCCCGCGACGTTATG-1,11.233533669063423,-16.146804748659562
GTCCGGACCTGAAATT-1,22.473035839503726,3.159621484068361
GTCGCGTAACCCGTTG-1,7.304234457991869,-11.211354818913968
GTCGGATGTAGCGCGC-1,-16.6162754362072,6.832179962430824
GTCGGGAAGCAGAAAC-1,8.539987969100062,-21.577715151243126
GTCGTACCATCTCGGG-1,9.31692098097056,-2.14888080561801
GTCGTCAATTATAAGG-1,1.052857197181331,24.117402688304825
GTCGTTATTCGCTTAT-1,14.464961025553098,-6.186506411329456
GTCTATCTGAGTTTCT-1,14.615326127433303,14.840574947328902
GTCTATTGGTTCCGGT-1,22.14937486040932,1.8746805816340133
GTCTCAAGGCCCGGCT-1,12.588352141895156,-13.350460016833145
GTCTCGATCTGCTTTC-1,-8.062559004101233,12.074789368600893
GTCTGGGCGGTCGAGA-1,10.442582859665,9.88824651972952
GTGACTTCAGTAGTGC-1,-6.680094181203126,-17.39061133228463
GTGAGGACACTTAAGG-1,5.037068941267474,-9.162799319691997
GTGAGTGGTACAACGC-1,10.570083104750502,-13.770873657611489
GTGATCATAGATCTGC-1,-3.977857995027778,-18.128222404532323
GTGATTCGCCGCTCAA-1,10.363420396512188,10.017767938714238
GTGCACGAAAGTGACT-1,-9.271920830875453,11.73522562911822
GTGCCCGTTCGGATTC-1,6.850564284738882,-13.82323129020622
GTGCCGCTTCAAAGGT-1,11.800733918101777,10.526112158005011
GTGCGAAATCGAACAC-1,11.558390352003087,10.592780415555097
GTGCGGGTCTCCAAAT-1,-7.0941168269876,16.593998138987075
GTGCGTGTATATGAGC-1,10.179408743146693,1.5971672039729683
GTGGACGCATTTGTCC-1,10.700277697180777,-14.310379947895969
GTGGACGTGCTGAGAC-1,-4.9141665068338005,22.035149465162952
GTGGAGTCGGCGGTTG-1,-8.2703320879591,-18.442623142697993
GTGGCGGGCCGTAGCT-1,-13.20663166157043,7.544278618876037
GTGGTATAGTCTGCCG-1,-11.37111157010228,-17.307140075786418
GTGGTGGCCAAGTGAA-1,3.0207255581402053,-12.023588645171058
GTGTATATCAGCGGGC-1,11.56071957343553,-15.6282595072466
GTGTCGTATAGCGTTC-1,7.524279882217519,-21.547424413442343
GTGTTACTATGCGTCC-1,3.07333974906641,-9.683232329916247
GTTAAAGTAGGACTGG-1,5.706811519236922,-3.9818276219526547
GTTAACATCACTTAAA-1,21.78652267264467,1.981800531419825
GTTACCTACAACTTGC-1,13.193280691487248,0.7447791872785252
GTTACTTTGGGCCTAG-1,-6.070822726504665,-13.956650853233173
GTTATATTATCTCCCT-1,-3.948350802473445,-15.157017425283549
GTTATCACCTTCTGAA-1,-25.116900081935796,0.08092859698525966
GTTCGCCATAAGTGCC-1,21.702284702796607,4.516706979369998
GTTCGTCTAAAGAACT-1,22.720043401896806,3.2634493586503655
GTTGAACCGGTTCCAT-1,15.250141266992667,16.384232474003984
GTTGAGTCCCGCCGGT-1,15.703859628956172,-7.55292748294329
GTTGCACGGAGTTTCG-1,-6.542773830628958,17.79951998296699
GTTGGATTTGCGTTGG-1,15.130668325283391,13.069661403904203
GTTGGTCATGCTATCC-1,5.240535573439778,-10.412934011449467
GTTGTCGTGTTAGTTG-1,-0.30975681540235855,26.364576395508532
GTTTACGTTCCATCTG-1,12.407408797592892,-1.219367610262792
GTTTCCTGGAGGGTGA-1,-23.16754340989416,8.418435063868236
GTTTCTGCAGTCTCCC-1,3.403128244569614,-8.882611257293426
GTTTGGCCCAAGTTAT-1,3.4865184994748244,-10.154468808187564
GTTTGGGCTTGTGAGC-1,2.8078580085227935,-16.833778499028078
GTTTGGTAGGGTCAAC-1,5.6538847684617295,-4.035207263340531
TAAACCCAGGAGGGCA-1,-8.217484263986782,-18.92070626817482
TAAAGAGCCCGAAACC-1,1.599310146437302,26.03729735660225
TAACAAAGGGAGAAGC-1,-18.07135944685959,8.215386071901328
TAACATACAATGTGGG-1,2.6619365703099445,-20.600417476998558
TAACTCATCCGCGCGG-1,16.359005419074876,7.131296221101276
TAAGGAACTTGTGGGA-1,-0.8340605756563332,23.592686195088504
TAAGGCAACATAAGAT-1,-11.078856467403993,12.993494504823703
TAAGTAACATCTTGAC-1,12.284754029001375,12.544400222070825
TAATACACAGTAGTAT-1,-28.86940914955837,-3.2232399032866286
TAATAGAACAGAGTTA-1,11.515609017127488,8.802066798036627
TAATATTGAAATTCGC-1,-5.132160812322511,23.661572870986358
TACAACGCACAACTCA-1,14.13117655809189,14.406944307108642
TACAAGCTGTTCACTG-1,-17.558930356812738,3.634179071556344
TACAGAAACGGTGGGC-1,5.945561763282795,-15.52919704187208
TACATAGGCATACACC-1,1.078239505673681,-8.94202369132189
TACATTTCTAACGTGC-1,15.369678563318251,-3.967680555794648
TACCAAATAGCCCAGA-1,8.23851012433237,-17.303347660955072
TACCAATAAAGTACCA-1,19.083627758355345,-0.04978767290514853
TACCAGAAGTAGGTTC-1,-6.3539711700758605,-17.795073917568097
TACCGGCTCACTGCCC-1,12.751087735577993,-0.380764085368616
TACCGTGCCTCGGACC-1,11.422933826934527,-7.67866448459856
TACCTACTCCCAGTAT-1,7.986358680502705,-15.566441755180442
TACGACGCTTGCTGCG-1,-5.668083429249933,-19.174268531046213
TACGACTGCCTCTTAG-1,-4.843117072981871,-15.19869873537109
TACGCAGTTCTTTCCT-1,12.683072897326326,8.765073879605572
TACGCCATATTCTAAT-1,7.973224120572946,-2.0253545333009
TACGCCTCCATTCCGA-1,8.401304166390755,-16.01798328519778
TACTCTCCGAACAAAT-1,-7.615905967698531,11.071218144250299
TAGATATGGACTGGAA-1,-5.346797081877018,-15.073924172310452
TAGCCATTTCAAAGTC-1,12.130974081336998,-8.493563702608279
TAGCGTCCGGTGTGGT-1,10.157128048401292,-12.937214896930715
TAGCGTTGGGTCTTAC-1,1.1859288131609977,-20.524335590989523
TAGCTAGAAGGCATGA-1,-5.456287883350146,-13.935348597810643
TAGCTCGCCTGATAAC-1,9.416451290519259,-14.189513487252707
TAGGGTGTTTCAAGAG-1,-24.357946222644536,6.547606597779666
TAGGTGCTCGCCTAGC-1,11.555523208073302,-3.2662764552603436
TAGGTGTTCCACAGAT-1,5.454658303958652,-22.382341032203517
TAGTCCGCAGAGAATG-1,20.573363265577093,4.717215024163946
TATAAATCCACAAGCT-1,-2.4120624984825723,26.454799227931737
TATAAGTGAGGATAGC-1,-5.477743589486091,21.738290951684032
TATACACAGACGCCTT-1,13.595918094118367,0.14514984560692148
TATACACGCAAAGTAT-1,-24.051844660553243,7.264590321331714
TATACGCGTCATCACT-1,21.17585302819134,0.8603790142213344
TATCACAGCACGGGCA-1,-19.985246406329164,4.811262571598953
TATCCAATTGGTTATC-1,7.231517755135596,-19.789496933322724
TATCCATATCATGCGA-1,-5.165930639875946,19.83414592356952
TATCGATGATTAAACG-1,-24.2044441062411,5.759397499243955
TATCTACCACAGCGGG-1,3.4942228068763552,-16.551889600165143
TATGATCTTCTCTTTA-1,4.903690513283997,-19.486919599661984
TATGCTCCCTACTTAC-1,-8.883050553035385,14.786139899153937
TATGGATGTGCTACGC-1,-26.2145301842454,1.8651893350347393
TATGGGACCGAGCAGG-1,19.597824189072984,1.5473311540243633
TATGGTCTGAGTAACA-1,11.719058600655112,-15.391361017440232
TATTCCACTCAGCTCG-1,4.4594160947856905,-9.412551997292864
TATTCCGAGCTGTTAT-1,22.76783776550592,0.09832714474060511
TATTCCGGCAGTCCTA-1,-25.863183433025533,-1.3461024466858054
TATTTAGTCTAGATCG-1,-7.7341537263825595,16.482521868146367
TATTTGTTACCCTTTA-1,0.43224546226692406,24.13279230960343
TCAAACAACCGCGTCG-1,-27.951925372611335,-2.967509098267179
TCAAATTTGAGACTCA-1,22.73970316850796,0.12399818149428936
TCAACACATTGGGTAA-1,-11.54638805599932,10.066430004834412
TCAACCATGTTCGGGC-1,-27.524957956028224,-0.2762710152392483
TCAACGAGGAGACAAA-1,9.592896803902171,1.2213502846673507
TCACAGCAAACTCGAA-1,-5.758596831856383,-17.08713414740776
TCACAGGGAATCGCAA-1,-0.02042029472821957,-16.493836842996206
TCACCCTCTTAAGATT-1,3.170510730566868,-14.374895426828763
TCACGGTCATCGCACA-1,0.981671426410344,21.428190977024357
TCACGTGCCCGATTCA-1,4.573363934082236,-22.005159073198147
TCAGACGCTATAGAAG-1,12.50460180193886,-1.8991667031498232
TCAGTAGGGACTATAA-1,-4.389759625824336,-15.301894762755829
TCAGTGTATACGTCAT-1,-10.273774833600388,-16.618609332907393
TCAGTTACGGAATGAT-1,-21.434479929693634,2.4496340125304745
TCATGCAGGTTCTCAT-1,-13.456627674897868,6.7880842637767955
TCCAGAGCACCGGTTC-1,3.420340300916353,-9.175834464780117
TCCCAAAGACGAAGGA-1,-25.984366366570647,1.3262387078344726
TCCCGTCAGTCCCGCA-1,-9.055652509617213,12.243805047876718
TCCCGTGTGCAATTTG-1,0.9132792505337861,-16.73512777762827
TCCCTTAGATTACTCG-1,-19.949657296066082,5.680092635483163
TCCGATAATTGCCATA-1,-9.917660697619507,14.229613541030528
TCCGATGACTGAGCTC-1,-27.838533404912617,-2.9501187368019774
TCCGATGGTGCGACAT-1,-26.30373314001039,0.45721770868878026
TCCGCCTGTCTACAAG-1,8.768729048307042,-21.34380114813359
TCCGCTGTCATCCCGG-1,0.8591607540171328,-18.640732443084463
TCCGCTTATCCCATTA-1,17.20678669544068,-5.146217061456126
TCCGGTTCGTCCGGTC-1,-6.853799395568074,-14.602228663560467
TCCTAAATTGGGAAGC-1,22.604638733622696,1.618713069272188
TCCTACATCCACGGCC-1,10.708686123313605,-5.339858602558322
TCCTAGCAAAGAAGCT-1,15.17531128044801,16.88751374998685
TCCTCGGGCTGGGCTT-1,9.68939264058862,0.3092171757642034
TCCTTTAAATCCGCTT-1,10.484361614539276,0.20631021374395342
TCGAGACCAACACCGT-1,20.358338679881882,3.3945226202090244
TCGAGCCAGGCAGGCC-1,-10.122063238441047,-15.39333456317683
TCGCAAAGATGCATTT-1,9.394276572700468,-5.906207430875674
TCGCACCAGGAGGCAG-1,-8.459406378003434,-12.107946312064168
TCGCATCCCTAAGTGT-1,-26.766749803961424,-1.58140736654388
TCGCCGAAGTTGCGTC-1,13.236167281615314,16.30675887275393
TCGCCGGTCGATCCGT-1,-14.277900551080503,12.56822747441372
TCGCTGTGCGTAAATC-1,0.42012040251356464,22.434715414823266
TCGGGAGACAGCGTAC-1,19.88059048142435,-0.9260307666863312
TCGGGCCGTCGTGGTA-1,5.262670397754117,-13.222091458722787
TCGTCAAGTACGCGCA-1,-10.110370114152014,-15.543865498313773
TCGTCCGCTGGCGTCT-1,-0.18890842303241495,20.098392645137274
TCGTCTTAGGCGTTAA-1,20.324906087512026,1.5184515323967889
TCGTGTACTATGGATG-1,1.678148463587744,-17.266904741861868
TCGTTAGGAGTCCCTA-1,3.2319886065455643,-11.74383146554248
TCGTTGCTATCCGGTC-1,-9.894893517904757,-18.299183810265543
TCTAGCATCTTCGATG-1,-5.531852188093891,21.835469078060097
TCTAGCATGCCCAGAA-1,14.900786445511295,2.5296281131931493
TCTATCATGCAGTTAC-1,-4.765862667855723,22.053402721924645
TCTATCGGTCGCAACA-1,-19.45746674999114,7.380398150224406
TCTCATGAGATAGGGT-1,11.719273281268169,-14.31183461782518
TCTCCAACGTAGGTTA-1,-16.873228130935306,8.097058046503355
TCTCCCTGGGCAGCGT-1,16.19781682982944,-8.904923425527873
TCTCTAATAGCTGGTA-1,-5.828059855270446,19.693741743051838
TCTGAACCGGTCGGCT-1,-6.6048676696006225,17.753229928834642
TCTGAAGCACGTGGTC-1,16.748214423503686,-9.018719224965103
TCTGATGTATTCTGTC-1,19.52103005699267,-5.118824218228623
TCTGCCAGAAACTGCA-1,9.165412732009681,-1.360281740236393
TCTGTCATACAAGAGC-1,0.8593139443206114,25.168252027244257
TCTGTGGCTACATTTC-1,-21.110760554612288,3.2983682407386428
TCTTACAGAGGTACCG-1,0.2962408734604678,27.27941141009872
TCTTACTTATGCCTCT-1,16.143635716409527,-7.488617765503499
TCTTCGAATAGACGTT-1,2.0199106739328925,-13.170095076447181
TCTTGGTAACACCAAA-1,-25.143985298037105,0.5128879446060698
TGACTATAATCCTTTC-1,11.386401901753265,-1.4384631296100396
TGAGAATGCTTTACCG-1,-6.3354520680596424,19.1737168463188
TGAGCCATACAGTCTC-1,16.525321138295112,15.071088472954884
TGAGCGGAAAGTGTTC-1,0.4755561777428889,-20.22482373155091
TGAGCTTTAATGACGC-1,-11.731621315854516,9.40311503275809
TGAGGAGTGCCAGCTT-1,6.8020080665326095,-22.304612212722276
TGAGTAAATTAGCGTA-1,-6.218974445726767,-17.84246319318965
TGAGTGCCTCTTAAAT-1,13.716460676894343,14.33255905235182
TGATACATTTAGCCGT-1,-8.79994044947657,-17.033601032480075
TGATTCTGTCGCCGGT-1,10.211723700122505,6.229305676761525
TGATTTCCTCCTGACG-1,-15.305637844378266,5.229635990371808
TGCAGAGTACCGAGCA-1,15.404699012148418,16.106186760067185
TGCAGGATCGGCAAAG-1,-9.12154161121012,10.823372445121963
TGCATGGATCGGATCT-1,-20.976876692485362,6.24001928642107
TGCCAATGGGTACTCT-1,-6.731596468775917,10.321653016501575
TGCCACCTGGCGAAAC-1,-12.258317553648599,9.261341470818515
TGCCAGTACGTGGAGA-1,11.130662563099007,-12.24058626833898
TGCCCGTACCGTTAAA-1,0.8080981126146584,-19.85364678905518
TGCCGTGGATCGTCCT-1,4.479462763245542,-17.166481815744067
TGCCTGATCAAACGAT-1,-7.159510457067163,13.402971287200451
TGCCTTGGCCAGGCAA-1,16.827388973503506,-8.723806838355113
TGCGACACCCTAGTGC-1,-8.267269567369036,-17.3516634808139
TGCGAGAATATTACCC-1,15.083466017190265,5.883005441829656
TGCGGAGTAAAGGTGC-1,-13.298376419199357,10.426820837954821
TGCGTAAGAACCTGAT-1,13.781411603429163,13.309421080676506
TGCGTTTGTTGACACT-1,-2.682409326185656,-16.37871901361818
TGCTAAGTGTCTATTT-1,22.77175758910114,2.6117715158027743
TGCTATACAAACGGAC-1,-19.456385345452468,5.7236334056602125
TGCTCGGCGAAACCCA-1,7.3662455995578995,-20.36949016873454
TGCTGGTTGGACAATT-1,0.5947751591880693,21.414436384950907
TGCTGTTGAAGAACTC-1,5.480574457622599,-13.459078910619706
TGGAAGACGAACACCA-1,0.4159311349643577,26.846050783180807
TGGAAGGATAAAGATG-1,-18.764108147911568,8.628851654679082
TGGACTGTTCGCTCAA-1,13.95304177710148,1.7397111575296265
TGGAGCTAAAGTTCCC-1,-22.294041402333068,2.7383323298999938
TGGCAAACTAAATTAC-1,10.64225361655441,-5.502251271222268
TGGCAGATTACGATCA-1,16.11860563199053,0.9308907747952544
TGGCAGCAGTAATAGT-1,8.952447518059866,-5.1236019686654375
TGGCGATCAAGTTATG-1,2.037038074624254,-19.820884129755616
TGGCTATGTGACATAC-1,11.479890138027109,-8.150894101607424
TGGCTTTGGGTAGACA-1,-5.370897457681961,18.157607743842014
TGGGCCACAAGAGCGC-1,-8.275305676481045,12.734000256022115
TGGGCCCATACTAATT-1,10.008961578143492,-13.131795007545046
TGGTATCGGTCTGTAT-1,-18.94256077906523,5.507925995134923
TGGTCCCACGCTACGG-1,13.007546878130528,-1.8448517335287649
TGGTTCAACGGGTAAT-1,10.967594900878893,-3.6009459603059306
TGGTTCGTAGCAAAGG-1,-27.8726340984617,-2.368213338391577
TGTACCTACACGAGGG-1,6.554114769670426,-18.562733144794834
TGTACGAACAAATCCG-1,7.128834166821362,-21.013918388099466
TGTGACTACGCCAGTC-1,-29.178584413462342,-3.7445328751546776
TGTGAGACTAGCCCAA-1,19.104998584844036,-7.09509060407814
TGTGGAGGAAGCTTAA-1,-15.992204655647532,7.035772967222023
TGTTATTGTATGTGGC-1,9.13025002488594,-13.094692817806866
TGTTCGTATTGCGGTG-1,16.113288551840746,-4.351745528986833
TGTTTCGGTACTTCTC-1,-6.883115708596514,16.38155386792653
TTAACCAACCCTCCCT-1,-7.842767304522503,17.10020382986339
TTAATCAGTACGTCAG-1,-11.397310329804931,11.382561087536173
TTAATGCGAGGTAACT-1,-20.27444467263407,2.2989283028742316
TTACAACTACGCATCC-1,-24.268967562080118,6.4487691075097
TTACATCGTGGCCTGG-1,-8.147453582355402,19.831281573534824
TTACCCATTGCCGGGT-1,-11.277512466078191,9.826327359988747
TTACTAAAGGACTTTA-1,5.297421535320865,-8.125902116862486
TTACTGGGATATTTCA-1,-1.3571395718020636,-20.56603365112248
TTACTGTTTCTCTACG-1,-12.645668624242484,6.495724866147098
TTAGAAGAACATGACT-1,10.295245214056212,-5.392361566063544
TTAGACACGATCGTTG-1,-11.484777082136016,8.226281248354592
TTAGACGAGTCACCTC-1,3.4773102287512776,-9.796238218559514
TTAGAGTTTAGAAGGA-1,11.78667047428317,-13.518284967644936
TTAGGTCATAACCGAC-1,10.979883821099572,5.546456652952021
TTAGTTATTCGTGGCA-1,19.04418485083804,-0.18697838898779914
TTATATACGCTGTCAC-1,12.756526012506988,0.6405395707278781
TTATATTTGGCAATCC-1,-13.642846594897229,9.265949017275346
TTATCCGGGATCTATA-1,23.0088883585862,3.165687684941338
TTATCTGTATCATAAC-1,-27.281842192124447,-0.6877759357686526
TTATGAATGAAAGGGA-1,-3.024000480210214,-20.6854018951271
TTATGATCTTAACGAA-1,7.6986809311348985,-13.188259346063246
TTATTAGAGCGTGTTC-1,10.278871161780174,-2.9053942983169674
TTCAACGACCCGACCG-1,-3.2926279735791733,21.870145169915162
TTCACGAAAGGATCAC-1,20.70772776783063,4.254773059411945
TTCACTCGAGCACCTA-1,19.29597686373524,-2.7032458912298685
TTCAGCCCTGGTCCAC-1,15.69139589238784,-5.738685238394495
TTCATGGCGCAACAGG-1,-13.67725673405914,11.19361638933726
TTCCAATCTGGCTATC-1,-5.91020180870647,-14.693841320286147
TTCCACACAGATTTGA-1,-6.663082258685714,-17.206973270711387
TTCCGCGTGAGGCGAT-1,11.642533554241334,-0.8266343474678733
TTCCGGCCTTGAGGCT-1,-7.708416403425642,-14.413850079040957
TTCCGGTTACCCACTT-1,5.312696782714565,-19.079649566439457
TTCCTCGAGGGTGTCT-1,-4.394298618465929,20.082393929802787
TTCCTCGGACTAACCA-1,19.419437943474204,-3.2035322213936603
TTCGACAGAGCCCGTG-1,2.273850805689664,-19.925588038066046
TTCGACGGGAAGGGCG-1,-2.711265138802809,20.761483987674307
TTCGCACTCGCGTGCT-1,0.9386967750165552,21.486904272046377
TTCGGCAACCCGCTGA-1,-17.0093612918615,4.176545334340549
TTCGGGCGCTAGTCTT-1,-8.904207626946077,-18.851598704491728
TTCTAGGCCAATTGTG-1,-3.4310207222726357,23.428144698676903
TTCTGACCGGGCTCAA-1,21.60183954858448,1.4302854867871277
TTCTGCCGCGCCTAGA-1,15.897780299451203,1.7705643209590725
TTCTGCGGGTTAGCGG-1,13.984975563517043,2.1633051003308137
TTCTTAGTGAACGGTG-1,-21.686283958839528,2.7530964148524886
TTCTTCCCTTTGATAT-1,-14.738736783153403,4.251376143101045
TTCTTGAGCCGCGCTA-1,11.202442604542435,10.425983236675858
TTCTTGGAGTAATGAG-1,-11.224595495480596,11.800919043071316
TTGACTACCATATGGT-1,15.130270442490431,12.481207277937997
TTGAGAAGTTTAGCAT-1,22.549633097240328,1.2031662978735218
TTGAGAGTACTGCTAA-1,17.24830842359432,17.116287747923415
TTGCACAATTCAGAAA-1,22.62834283926374,-1.1476300242819826
TTGCACGGAGCAGCAC-1,-26.692272206539574,-1.042964869525069
TTGCGGCATCAGAAAG-1,-7.192949915072704,-15.45480017889483
TTGCGGCGACTCATGC-1,-12.208708948997867,7.625472639164649
TTGCGTCGGCCAACCG-1,14.235816497900622,6.395661849702524
TTGCTCCCATACCGGA-1,-15.275153798447795,9.714773442399666
TTGCTGAAGGAACCAC-1,-5.75476562929035,16.925427074947788
TTGGACCTATAACAGT-1,16.353983240971793,-6.615815624337578
TTGGAGTCTCCCTTCT-1,-4.588109501527803,20.08122173527391
TTGGATATCGTCTACG-1,-4.842133256215345,-15.082377102872984
TTGGCCTAGAATTTCG-1,-17.507023004238565,5.302708520910227
TTGGCTCGCATGAGAC-1,-8.117393262455552,19.592306504477946
TTGGTCACACTCGTAA-1,-5.329719472126743,-12.625923334347112
TTGTAATCCGTACTCG-1,21.459261602106338,4.03907494004966
TTGTCGTTCAGTTACC-1,-28.807626532592025,-3.509562970747743
TTGTGAACCTAATCCG-1,8.14703312414445,-12.679475573146672
TTGTGCAGCCACGTCA-1,11.567658675653107,-15.351438009670689
TTGTGGCCCTGACAGT-1,-8.730408355647088,15.4772090858415
TTGTGTATGCCACCAA-1,17.426603137325422,-1.2907656337002191
TTGTGTTTCCCGAAAG-1,14.337695830539271,-9.123050815427565
TTGTTAGCAAATTCGA-1,-2.1332651078544025,25.281978393288835
TTGTTCAGTGTGCTAC-1,-28.16740390408174,-3.625749125111322
