Barcode,UMAP-1,UMAP-2
AAACCGTTCGTCCAGG-1,3.546138365516804,3.7239483012845005
AAACGAAGAACATACC-1,2.062582329017746,12.961937012980659
AAACTGCTGGCTCCAA-1,2.4126106440191384,1.2315828527844062
AAAGACCCAAGTCGCG-1,-3.676431234391767,11.022485409162806
AAAGGCTCTCGCGCCG-1,5.541656750791366,2.7086627125030542
AAAGGGATGTAGCAAG-1,1.2215775545040601,10.388628042727225
AAATACCTATAAGCAT-1,3.3805423842325686,1.8468598869133028
AAATAGGGTGCTATTG-1,2.7983923840606737,-2.9681916098380734
AAATCGTGTACCACAA-1,0.1749348589068079,-3.189402342922126
AAATGTGGGTGCTCCT-1,1.8761785509868965,13.04753123138867
AAATTACACGACTCTG-1,1.7113263230663587,13.467658797370603
AACCATGGGATCGCTA-1,2.327059739595937,13.113088489253345
AACCCAGAGACGGAGA-1,-3.748674808845114,10.791931046980313
AACCGAGCTTGGTCAT-1,1.305857939026647,12.270789560653034
AACCGCTAAGGGATGC-1,4.778653363089701,1.7001147105628196
AACCTTTAAATACGGT-1,3.2732310181020643,-0.053757585109964666
AACGATAATGCCGTAG-1,4.0470695500081675,3.298981893627102
AACGATATGTCAACTG-1,1.0400875081889274,13.222743388150304
AACGCGGTCTCCAGCC-1,1.0681883235003675,12.774033526425619
AACGGCCATCTCCGGT-1,4.235323762913592,5.265255824918558
AACGTACTGTGGGTAC-1,3.823442953710101,4.4399777857187175
AACGTCAGACTAGTGG-1,-2.732138780403816,11.411932564933542
AACTAGCGTATCGCAC-1,1.7316999546996594,12.625228005634744
AACTAGGCTTGGGTGT-1,2.778837938116588,0.05978255232409958
AACTCAAGTTAATTGC-1,4.643041281086619,5.739140017023462
AACTCTCAGTGTGCTC-1,3.4794849145466378,3.604202581054499
AACTGGGTCCCGACGT-1,1.1091885438394078,10.53360344577918
AACTTTAGCTGCTGAG-1,1.6176355056749234,12.748158082554804
AAGCACCCTGCGTATC-1,4.38471418264444,-0.18144952127746336
AAGCATACTCTCCTGA-1,3.3424113583646364,-0.732256008087837
AAGCTAGATCGAGTAA-1,2.8519479303510886,0.4070220846716784
AAGCTCTTTCATGGTG-1,3.1057738331228806,-2.8155363569598313
AAGGAGAACTTATAAG-1,1.2394123148062712,12.863840254471585
AAGGCGCGTAAAGCTT-1,-2.9243018420607942,11.249522658976971
AAGGTGATAAACCAGC-1,3.8410584590530643,0.26998134440872984
AAGTAGAAGACCGGGT-1,-3.1083498368683666,10.99371451556934
AAGTGTTTGGAGACGG-1,4.3738815184876,0.545752870357393
AAGTTCACTCCAAGCT-1,2.2556396261044487,-1.9134658436466505
AAGTTTACTAATGGCA-1,2.2082786133592776,11.89953934811577
AATAACACTAGAACAA-1,3.8269816076754366,3.4990021628263426
AATAAGTCCTCGAGAC-1,1.4979161317083147,10.625682487432984
AATAGAACAGAGTGGC-1,0.5961317077591947,-1.686683958137723
AATAGAATCTGTTTCA-1,2.8611559608815726,-2.556117701576878
AATAGTCCGTCCCGAC-1,4.259622642215454,1.0170586081216941
AATATCAAGGTCGGAT-1,-1.8727507504629008,11.254739804902695
AATCCAAGGGCCTGAG-1,-3.606667601794856,11.442473813311137
AATCGCCTCAGCGCCA-1,3.649421919217697,2.6297077991796054
AATGACGTAGGATGTC-1,1.2332130739757607,-1.1231807783920507
AATGACTGTCAGCCGG-1,-2.01816677148658,11.449572227815096
AATGCAACCGGGTACC-1,0.7595617969376792,10.857919582292373
AATGGTTCTCACAAGC-1,1.4388548896064437,11.641715690996795
AATTAAAGGTCGGCGT-1,4.775002576890306,5.439228707854779
AATTAACGGATTTCCA-1,3.5134012116505633,-1.898556029151031
AATTAGCGCTGCAGCG-1,2.9988609581069596,3.2889719477577093
AATTCTAGAGTTAGGC-1,3.7972494156757857,0.04139032859145137
AATTGAACGCTCTGGT-1,2.355317122337409,-0.1929281219642973
ACAAATCGCACCGAAT-1,3.0522628299721783,1.1831378954628873
ACAAATGGTAGTGTTT-1,2.4919233551901274,0.3144912550953555
ACAAGGAAATCCGCCC-1,2.709900075858651,0.5263533493522223
ACAAGGGCAGGCTCTG-1,0.17923792687198536,-3.538929489699794
ACAATCGATCTTTATA-1,2.184732448460139,12.441539524915108
ACACAAAGACGGGTGG-1,1.1429790332888454,10.469838519718426
ACACACCAGGACCAGT-1,2.780969537968075,-0.9316525221336189
ACACCCAGCATGCAGC-1,0.880809698709821,10.509914522198846
ACACCCGAGAAATCCG-1,-2.6793835993660724,10.939160924305948
ACACCTTAAGTAGGGC-1,-1.805668290080069,11.30901101467563
ACACTGATCAAGGTGT-1,-0.1490594166970305,-3.1091431798829943
ACAGGCTTGCCCGACT-1,5.481627461795475,2.834337166759092
ACAGGTGGAGGTGAGG-1,3.827720350110073,3.4610500375024857
ACATAATAAGGCGGTG-1,1.3507650959937674,11.154566923118269
ACATCCCGGCCATACG-1,3.2448687497886732,-3.027763073689229
ACATCGATCGTTTACC-1,1.0213542147882655,-4.1431553122902685
ACATCGTATGCAATGG-1,0.8316378034314913,-3.154570724816168
ACATTAGTTTATATCC-1,2.8592213551248276,0.5660029823112337
ACCAAACTAGAAATCC-1,2.3688346485276974,13.147207565250774
ACCAACGCTTATTTAT-1,-0.5646959276564683,-3.2688190606948693
ACCAAGAACGCGTGTC-1,-2.3642110410054094,11.16101053834277
ACCAATATGCAAGTTA-1,3.1323488069016325,-3.2176822971606103
ACCACGTGCAGCTATA-1,2.613297400101325,0.17020579466725774
ACCAGGAGTGTGATCT-1,1.9151096787575743,11.956910026825918
ACCAGTGCGGGAGACG-1,4.2584222893155195,0.5357965400301542
ACCATATCCGCAATAA-1,4.266715025966686,0.8634447559351288
ACCATCGTATATGGTA-1,4.9553512288992705,5.394184654391844
ACCCGGAAACTCCCAG-1,2.6327660782738973,-1.6500231736295488
ACCCGGTTACACTTCC-1,4.320246064910101,4.981868458987999
ACCCTATGCCATATCG-1,-0.8541275711038959,-4.0699372566447565
ACCCTCCCTTGCTATT-1,4.554575947950978,1.0731487358044518
ACCGCAATAACTGCCT-1,2.9561202883704083,0.2410134911481629
ACCGTTCCCGCTCTGA-1,1.787771172556022,11.39785420188438
ACCTTTCCTTTAGAAG-1,1.8018206053205057,12.662122509943412
ACGATCATACATAGAG-1,1.773417548616154,11.974065743844607
ACGCCAGATGATTTCT-1,1.3329008429254696,13.322565906659749
ACGCCCAGCTGTCGAT-1,1.1081296307297468,12.319433634098333
ACGCCGCTAGACGACC-1,1.0984515421565653,-1.6759449154831534
ACGCGAAGTCAGACGA-1,3.460484207927079,2.090740342647192
ACGGATGGTGCGGATA-1,3.5827929830304956,-0.9681363013363228
ACGGCACTTGCTTGGG-1,4.107323160161594,2.5219220420222297
ACGGCCAACATGGACT-1,4.499252743371872,0.8484193115576569
ACGGCGACGATGGGAA-1,2.6144584688209935,0.17043979651872762
ACGTCCTAAACGAGAT-1,2.223819142345985,12.616239353305572
ACGTTAATGTCGAAGA-1,0.3751760771582525,-3.575764969873637
ACTCAAGTGCAAGGCT-1,1.4442838095458579,-2.291029598041432
ACTCAATAAAGGCACG-1,1.4349006289882074,12.092398281605382
ACTCAGACCTGCTTCT-1,-3.719897317635964,10.855202198174721
ACTCCCTAATGCTAAA-1,5.108078472537262,2.548546691396229
ACTCCCTAGAATAGTA-1,3.6704771043886915,2.5364948805300624
ACTCTCTGACTTAGGT-1,1.1596128140299014,-1.8274048723645533
ACTGAATGGCGAAAGT-1,2.2074305816118387,-1.2302545956884956
ACTGTTTAGTGTAGGC-1,1.8750657858436963,12.256613484509424
ACTTACGCATCCACGC-1,3.089948994719016,-2.928967788457515
ACTTATTAGGATCGGT-1,4.991671114299153,5.1584824719850095
ACTTATTTATGTGCCA-1,4.3431426210295205,0.8119054122873939
ACTTCAGGCTGATCCC-1,3.357838643796754,0.7664615966902915
ACTTGACTCCCTCTTT-1,0.46848661777577305,-3.03628709120006
ACTTGCCATATTGTAC-1,1.7105024195058995,11.787815218752556
AGAAGGTTGCCGAATT-1,4.771407897885595,5.264260988513401
AGACCCACCGCTGATC-1,4.506651799206913,3.150594013065762
AGACCCGCCCTCCTCG-1,0.5360819603346946,11.044836556804
AGAGGTATCTCGGTCC-1,2.061446045255754,12.73684718487974
AGATACGACTTCATAT-1,2.2166973330209974,13.001356631157279
AGATACTCAAGATCGA-1,0.7063029519947447,-2.6527271789223428
AGATGACTCGCCCACG-1,-0.3086630362766854,11.201626293665335
AGATTATAGGACGTTT-1,5.161662182472856,3.3583136543751895
AGCAAAGGCCGCTAGT-1,4.091304587077956,0.4113909773170651
AGCACTACCTCACCAG-1,3.608000138234315,-1.366767622901018
AGCAGCCAGATGAATA-1,4.510302651516539,2.102388132631167
AGCATCGTCGATAATT-1,1.361713137826825,10.359696083460552
AGCGACAGGAACGGTC-1,3.561718743549683,4.038499581757414
AGCGACATCCCATTCA-1,0.7938492107636507,12.445021539429536
AGCGACCAACGATATT-1,1.3889488992385417,10.420243280853137
AGCGGGAAGGGTCCAT-1,1.2512631412950679,12.912143192693208
AGCGTGGTATTCTACT-1,1.4884286917796425,-1.634955521557724
AGCTCCTTCGCACATC-1,5.181455430866146,3.076854221223341
AGCTCTAGACGTTCCA-1,3.302037146479713,1.7860574624618561
AGCTCTTTACTCAGTT-1,4.96247329450517,5.243291826044191
AGCTGAAGTAAACCAA-1,0.898222431618723,12.83657447869041
AGCTTATAGAGACCTG-1,1.7698886153415407,11.12802464914359
AGGAAGCTGTCCGCCG-1,5.660761863542842,2.298482512799909
AGGACAGTCGAATCCC-1,2.2811244428188107,-2.574936840479709
AGGACATCGCACGTCG-1,-3.663647231869556,11.42948637161704
AGGACGACCCATTAGA-1,4.049540096004163,4.759189297816842
AGGATAAAGTCGGGAT-1,1.436322189432058,-3.7144287184332394
AGGCTTCCCGAAGAAG-1,-0.6206628177567018,-3.939511144597097
AGGGACAGCACGGCGG-1,1.0461274990841851,10.407061424825546
AGGGCGTGATCGGCTA-1,-3.8076276433512426,10.834198405645877
AGGTAACCTCCTATTC-1,-2.9620653508794916,11.146945415684058
AGGTTGAGGCACGCTT-1,2.0108709602497092,11.315815510571737
AGGTTTCACACACCTT-1,1.3996535178855545,-3.98267853413961
AGTACTCTTATGCCCA-1,1.4098315553231007,-1.230674881412521
AGTAGCGTGAACGAAC-1,2.3081739316749643,12.344808315650328
AGTCAACACCACCATC-1,4.919674798574882,5.656626442200901
AGTCAAGATGACACTT-1,2.8440197461573318,-1.9329540822482851
AGTCGGCCCAAACGAC-1,-0.3541915212834944,11.160395385887679
AGTCGTCGACCACCAA-1,1.323028122236321,-3.692486979127758
AGTCTTCTCCTCAAAT-1,0.6940992310535437,11.370873828176746
AGTGACCTACTTTACG-1,-0.38327417637767536,-3.2846955522290746
AGTGATAACCTGCGCG-1,2.590058179192177,-0.8017547431480204
AGTGATATGAGTAGTT-1,-0.43264292733120724,-2.682881497052381
AGTGCGTAGCTCGTAA-1,4.097188884679991,5.2177770702166715
AGTGCTTGCACGAATA-1,2.104699774852084,-1.8173576339296316
AGTTAAACACTTGCGA-1,4.853076385606207,5.799145874683691
AGTTCCTATTTATGTT-1,0.5229297551285562,-3.4525779017136613
AGTTTGCACCTGCCTC-1,3.8120167309572044,-1.26153599653712
ATAAACGGACCCGTAA-1,2.7665764069643206,1.385424364497793
ATAACGGAGTCCAACG-1,1.1091692621630995,13.107515515895322
ATAAGGTGGAGAACAT-1,4.12007772669947,2.918332836716344
ATAAGTTACCGCGACG-1,-0.10830755710439799,-3.272899321035446
ATAATAGCTGTTGAAT-1,3.0188344857555407,1.6777602270035368
ATACAGGCCCTCCAAT-1,5.406003547291817,2.3984979973915754
ATACCAGCAAATTGCT-1,2.0252069044401937,11.634530563399473
ATACCAGGTGAGCGAT-1,1.6539329255887643,11.524577506060112
ATACCTAACCAAGAAA-1,3.5696039935835704,-1.615029603932323
ATACGCCGGCGAAACC-1,3.434043888334974,2.608084589688164
ATACGTACTTAGCCAC-1,2.988849632479884,-3.355492451916299
ATACGTCCACTCCTGT-1,3.658164086362332,-0.08235415011469292
ATACTAGCATGACCCT-1,0.8403070975679074,11.003739893096668
ATACTGCCTTACACCG-1,1.5113952912661297,-1.8717293552843206
ATAGAGTACTGGGACA-1,0.08419516546098985,11.157005393355865
ATAGATTTGCAGTCGG-1,2.0010505348536314,11.727075424176611
ATAGGGATATCCTTGA-1,0.8699663148924687,10.850609022863207
ATAGTGAAGCGTTCTC-1,1.0825711107707323,-0.6705090800178334
ATATAAAGCGCTCGTG-1,4.16942911601838,-0.45472846751140483
ATATAAATGTAGCTGC-1,4.993378995313587,2.1523223591727088
ATATTCAGTTAAACCT-1,3.7928927567413098,4.7965696797215776
ATATTCCACATAGTGA-1,2.5108701720657636,0.8504240069980075
ATCACATTAGAATATC-1,2.223775207401967,13.264961595449961
ATCACTTCATCCTCGC-1,1.3603273268871412,10.803835967749329
ATCAGACGGCACGCCG-1,4.435128990859572,5.038810595365945
ATCAGCCTCATGCTGC-1,2.406413628000647,-3.633410965520933
ATCATCCAATATTTGT-1,1.3410931498188257,-0.7864360645206351
ATCCAGAGCAACAACC-1,-0.6859520718876786,-2.966250483097064
ATCCAGGATTCGTGAA-1,4.792184281033149,5.60297019139392
ATCCTACCTAAGCTCT-1,4.577142424380039,3.9060585488456083
ATCCTGCGTGGAATGG-1,3.1710170826691355,3.553417211371342
ATCGACCCAATACAGA-1,0.8269974801326835,-2.3682667845790357
ATCGACTCTTTCCGTT-1,0.2961155598705608,11.074141360557505
ATCGCACGCCGGGAGA-1,1.2197661484425804,11.042175259436457
ATCGGAGACAGACGGC-1,2.6588457316345986,0.9383827383367616
ATCTAATATCCTACGG-1,3.8443284377178935,2.807021115893628
ATCTGGGCTGTTCTTG-1,5.434081336350289,2.8839134237236896
ATCTTGACCTGCAACG-1,-0.1377413437899845,11.178461989976691
ATGAAGCCAAGGAGCC-1,-2.4353765929021534,10.834856281023471
ATGACTATGCGACATT-1,2.7408595036959333,-1.9418129499908172
ATGATGCAATGGTACA-1,-0.3274340760511079,-3.9295029245425894
ATGCATGATCCAGGAT-1,2.0395007697946594,11.714523011093643
ATGCATTCCGTGATGG-1,1.3959042048023274,13.102560197732295
ATGCCATTTGCGACCA-1,4.003434528289311,0.6213005702826029
ATGCCGGTTGATGGGA-1,1.007905858906288,12.505760935577477
ATGCTCTGGCGCGGTA-1,2.3281968041927827,-3.4957165451148864
ATGGAGCAGGCCGTGA-1,2.3505919842107716,-1.5952487290563477
ATGGATCCGGCGTCCG-1,1.4385663318947484,13.232908314260635
ATGGATTGACCAAACG-1,1.169739442472665,10.827831734620938
ATGGGCCTCGGCCTCT-1,4.6558444640677035,1.5877358129864014
ATGGTCGCGTGGTTTC-1,3.5962714629722203,-0.00090848857579124
ATGGTGCTCAAAGCCA-1,1.7055619050878927,11.40988003796953
ATGTGCATCCGACGCA-1,1.0263619705105522,10.411258966528148
ATGTGGACATCTTGAT-1,3.0715563031766235,1.4648378561469924
ATGTGTAGTTTAGTCA-1,1.638042473117077,11.435108148875969
ATTAAACATGCGGACC-1,0.372150983451084,-3.213755130574339
ATTAATACTACGCGGG-1,1.852284304886347,11.62197977458069
ATTACTAGCCTCTTGC-1,-3.670281153637929,10.874850457306017
ATTAGATTGATAGCGG-1,-2.277029774035997,11.255387788982471
ATTAGGCGATGCTTTC-1,2.5848639402279994,-2.27410315901528
ATTATACTTTGCTCGT-1,1.2191584435025729,12.492355434521283
ATTATGCCATAGGGAG-1,0.22017397975277944,11.066673862300744
ATTCACTGATGTTGGA-1,5.4052912960762205,2.5334652230110386
ATTCATATACTGTCCA-1,1.0342005471952818,-0.7947218394216443
ATTCCTCCGCCAGTGC-1,-2.6642887879534722,11.238273118258272
ATTGTCGCAATACCTT-1,1.2660123845858784,12.821934800894272
ATTTCCGGGTTCTGCG-1,-0.9389260728828541,-4.307131432816821
ATTTGCCTAGTTACGA-1,1.7002711167836047,13.481113050020193
ATTTGTCTTGGGAGCT-1,4.102082200866941,2.5237236242799304
ATTTGTTCCAGGGCTC-1,1.0928637012515345,11.167428968552866
CAAACGAGTATCGCAG-1,-0.44934208906939155,-4.114487044230335
CAAATGCGGAGTGTTC-1,1.8361452225085901,13.04285999482103
CAAATGTCCTTCCGTG-1,0.310653499701916,-3.245549440681171
CAACGACCCGTTTACA-1,-1.7896973463941919,11.082471945181188
CAACGGTTCTTGATAC-1,-3.5692867000383086,10.982619453868516
CAACTCCTTGATCCCG-1,-3.7049878035479695,10.754146963308045
CAACTTGTAGTGGGCA-1,-1.8802872905202273,10.878118743411672
CAAGAGGGCGGAGTAC-1,2.4462620596242917,-0.29482946328968684
CAAGATATTATAACGT-1,2.514355602597931,-1.6505959792260907
CAAGCACCAAATGCCT-1,0.35216453882203674,12.02941542117145
CAAGCGGCACATAATT-1,4.199997493424422,1.956732805632457
CAAGGATCGCATGTTC-1,1.5286504809184125,-0.8233212909206901
CAAGTGAACTTTGGTT-1,2.4454784185625296,12.897267472326163
CAATATTCTTGACCTA-1,-1.010872404596217,-2.7521825229069443
CAATGCGAGAAGTATC-1,4.060228401815903,-0.19647443279355709
CAATGGTCGGCCTGGG-1,2.115803800300685,12.578791612618096
CAATTTCGTATAAGGG-1,1.7871083504813365,-3.7109176916848594
CACAATGAGCTGCTAT-1,3.638539217286886,3.7772335040784952
CACAGCTAGGGAGTGA-1,0.8602295823358665,10.492389393780918
CACATATTAGCAGGAT-1,2.8405486029867957,0.7586532817141871
CACATCTCACCGACGA-1,2.7439987348067123,-3.5118072461422574
CACATGATTCAGCAAC-1,2.9462795573271388,-0.799822278761052
CACCCACACGTCACCC-1,-3.8550076265021573,11.117299636945146
CACCCGGTTTGTGACT-1,3.6987939733164907,3.69796994632189
CACCCTAACAAGATCT-1,2.359001174465547,-2.295355666581126
CACCGTTAGGGATCAC-1,-0.8346003006532969,-3.7128936583528547
CACCTAATCAGTTTAC-1,1.681873973769107,12.64226216097874
CACCTCGATGGTGGAC-1,0.7760974459632515,12.726829317673676
CACGACTAAAGTTCTG-1,2.0481042718291387,12.635238146151785
CACGCACAGCGCAGCT-1,1.7559779839663583,12.004639719823537
CACGTCGGCAACCTCT-1,4.352258480161948,5.41102077620148
CACGTTTCGTACACAC-1,3.9221681837535374,3.01655769811064
CACTCAAGAGCTATGG-1,1.970587975162118,-3.775228301743974
CACTCCTCTCGGTCGG-1,1.9078762163960636,13.128258518598033
CACTCGAGCTGAACAA-1,2.654317528374907,0.7120117829463068
CACTGTCCAAGTGAGA-1,-3.672471563398852,10.712444360802602
CAGAACTTAGCCCTCT-1,5.331323220648557,2.900179772225759
CAGACACCGATCGCTG-1,-1.0799335850446077,-4.171338399795298
CAGACGAACCTGATAC-1,-0.3749820775355311,-4.088211319518771
CAGAGACGGTCACCCA-1,1.960816385772652,-1.9365338692263165
CAGAGGCGATGCATGA-1,-1.0138616018615023,-4.203905745195588
CAGATACTAACATAGT-1,-0.6768098434950046,11.191323801127067
CAGCCCTCACAGGCAG-1,1.3231505346811316,12.09904070857069
CAGCCTCCTGCAGAGG-1,1.2089618892805574,13.286810817038866
CAGCGATTCCCTTCAA-1,-0.9088128219952517,-4.098108151365415
CAGCTCGTGCTTGTGT-1,-3.2453129321196137,11.123806507797285
CAGGAAGACTTTATAT-1,0.915680139749083,13.38724290994272
CAGGATATATCGTTGT-1,1.3457055981648647,-3.0387859419894903
CAGGATCCGCCCGACC-1,1.7929142261152398,13.043133693391775
CAGGCCGTTTGGGTGT-1,4.801722063668357,5.728656838086659
CAGGCGCCATGCTAGG-1,3.2986037263565064,1.5792619397882972
CAGTCTGTATACTGGG-1,0.9653931690386711,-2.5136799295929086
CAGTGTCCGCAGAATG-1,-1.4658090333562483,10.933741763574218
CATAAGAAGCTTGGCT-1,4.23791102109933,0.4235607561089286
CATACAAAGCCGAACC-1,2.1628587149384306,13.22229312512926
CATACGGCGTCTGGGC-1,1.6631418422158681,-0.043429529175719406
CATACTATGTAATTGT-1,4.153801878031752,5.578639646492292
CATAGCGTTGCCCACC-1,3.4649537873307366,3.760280973837519
CATAGTAGCATAGTAG-1,-3.6493780205516595,11.3056411418131
CATATAGGTACAGTCA-1,0.22321440371093176,-1.6049719542896925
CATCGCCCGCGGCCAA-1,-3.621529021602113,11.458189667565584
CATCGGACGGGTTAAT-1,1.1857507237337246,-1.0291211252166064
CATGAACCGACATTTG-1,-3.0200806750607914,11.486274440267806
CATGAACCTCTTATCA-1,1.745474130509325,10.863365688825699
CATGAGATGCACTCTC-1,2.7370615192285723,-3.5544461639968974
CATGATGCACAATTCT-1,1.8164879767849986,11.485848056084748
CATGGCAGGAAGATCG-1,0.42184997138545055,12.097593255539273
CATGGGTATGCCTTAT-1,4.128913605992151,-0.3978396357080925
CATGGTAAGTAGCGTT-1,1.2851028979379968,-2.3228731721637366
CATGGTCTAGATACCG-1,1.9952598806204445,12.107691641781111
CATGTAAGAGACATTT-1,4.380347868061916,2.8457736858512286
CATGTCTCATTTATGG-1,4.483071098241489,1.131314347978904
CATTACGTCGGCCCGT-1,-0.2036072862805442,11.168140425760534
CATTATAACAGGGTCC-1,0.9481740651460134,12.571619365443425
CATTATGCTTGTTGTG-1,0.5628205692380828,11.140067314563034
CATTCACTGACAGCTA-1,2.3260442857096297,12.168668664415257
CATTTGAGTGGTACGT-1,-0.6059753754593309,-4.368858777349908
CCAAACAGAACCCTCG-1,-1.7159387108339796,10.933632209405852
CCAAGAAAGTGGGCGA-1,-0.7171594930574915,-3.2786054940822464
CCAAGACTTCTGCGAA-1,1.2391692434242978,10.560606795449676
CCAAGGAACAGAGAGG-1,-3.901015699569091,11.158057755869578
CCAATCGGTAGATCGA-1,1.393652697734209,13.427190223288028
CCAATGTCACAGCAAG-1,4.85595897621128,5.380081268623159
CCAATTGAATGTTAAT-1,-2.9388137321549364,11.001496319954544
CCACACTGAGATATTA-1,4.3629194984284085,5.695460240267195
CCACAGTACCCATCCT-1,3.9833404186950117,0.5896216517354568
CCACCAACTTTACTGT-1,3.520505031515792,3.536969355708489
CCACCCAAGGAAAGTG-1,3.722715687749192,2.947770633897862
CCACGAGAAGAGAATC-1,0.7232774952502296,13.280808962714204
CCAGAAAGCAACTCAT-1,-0.9423315749180909,-2.9352197906122273
CCAGCCTGGACCAATA-1,2.2906744080188717,-1.9515371754438262
CCAGTCTTGTCATAGA-1,2.337582416110564,-3.1434723460788114
CCATAGGTTGGCGTGG-1,0.4253524803298038,11.143145916587768
CCATCCATACCAAGTC-1,0.5364646165353226,11.372787660529344
CCATCGCAGTTAAACT-1,3.8121563731317387,1.1085814795731297
CCATGCTCTGCAGGAA-1,-2.5366354894725442,11.144315343733737
CCATTTCTACCTATTA-1,4.853020328056618,2.2441322410025126
CCCAAGACAGAGTATG-1,2.5087572921163863,12.86505701659164
CCCAGTTAAGGCGCCG-1,2.508807410790963,0.9684071115064992
CCCGACCATAGTCCGC-1,1.915322718436271,10.998029719889814
CCCGCAGCGCGAACTA-1,4.106276521195771,3.3122109660588572
CCCGCCATGCTCCCGT-1,-2.6118192575702377,11.088606373866192
CCCGTAGCTGGGAAGA-1,-1.013814040630167,-3.870413760969777
CCCGTCAGCGTCTGAC-1,1.434711972324622,10.885929739444391
CCCTCATTCTGGAATT-1,-3.8332816782361325,10.899000374161687
CCCTCGGGAGCCTTGT-1,2.232682968865555,12.593909508938728
CCCTTTGACAGGTCTT-1,1.7161941979705198,-2.4720873674823935
CCGAACCTTCCCGGCC-1,4.017087501183365,2.680630407580889
CCGCATGTGGTACGAT-1,3.6219245086947764,0.3009080216977333
CCGCCACCACAATCCA-1,1.7931415423528079,12.39908275403312
CCGCGGAATGCGTCAC-1,-0.23408023072567866,-3.908202706780995
CCGCTATCAGCACCAG-1,2.37890492250875,1.2087739749826767
CCGGTTTGTAATTGTG-1,-0.9223834782271381,-4.276761531642713
CCGTGCCCATGACGGC-1,-3.4493093579744456,11.142308805455752
CCGTGTTAAATTCCAT-1,4.100130190905194,5.401193094764213
CCTAAACAGGGTCCGT-1,2.0019556881277767,12.43297589092698
CCTAAATTAACGGTTC-1,1.1804703435237356,-2.2392484620815774
CCTAACCCAAACAAGT-1,3.090443371397566,-0.6152140505528222
CCTACGGCTCAGTCGA-1,1.8737773173306351,12.464237506635968
CCTATAATGAGTGCCC-1,3.647674508760123,-1.1211933661502431
CCTATCTATATCGGAA-1,0.9615330550957172,11.986538369073278
CCTCACCAATCTTGAC-1,2.4404475184558874,12.712139094395523
CCTCGACCCACTGCCT-1,2.0823976404386877,13.274111671745962
CCTCGCCAGCAAATTA-1,0.42321150229157056,12.739368476349213
CCTCGCGCTGTGCGAT-1,4.807219113652254,1.8279240660482907
CCTCGGACCGGGATAG-1,3.9867906023024844,1.8983014656277497
CCTCTAATCTGCCAAG-1,0.6750901208124248,11.722265970666705
CCTCTGTACTATTCTA-1,2.865090114236445,0.8964049261243383
CCTGAATATTTACATA-1,0.884727754236248,12.42460584457134
CCTGACCACCGATGGT-1,0.8834319070186387,-0.8067002145292942
CCTGCTATTTGAGAAG-1,0.3141341868851602,11.27409761060915
CCTGGTCGAATGTGGG-1,3.6208386858698383,-2.181677129832933
CCTGTCGCCCGTAAAT-1,3.412822133801501,-0.2752307008291613
CCTTCTTGATCCAGTG-1,1.0925588469259986,12.32799359392592
CGAACCCGCATGCGTC-1,-0.6117230269590218,-4.295568803887019
CGAGACCCTAGAGTGT-1,0.9498117653261182,-3.7307584964400102
CGAGCGTTGATCAGCC-1,-3.1131060216624458,11.381017028112117
CGAGGGACTGCGGTCG-1,1.8331235407009712,-2.1501773961668462
CGATACCTCGCGGACA-1,4.438641335740878,5.361592783335517
CGATCCGACCCAGTGC-1,4.712485461630134,5.550279961648813
CGATTAAATATCTCCT-1,2.5212547539091226,-2.4139738450024395
CGATTCGCCTGGCTGC-1,4.57569405790133,0.28846711522047674
CGCATGGTGCGATGCT-1,1.5297709059294955,-0.23535863842095928
CGCCCGCTTCCGTACA-1,0.8751363370161241,12.641068448651215
CGCCGCCCATGCCTGT-1,2.7159876402634655,-0.46825536721683236
CGCCTCCCTCCTCTAT-1,1.0324788696709215,-3.565834131858334
CGCGACCGCGACAGAT-1,2.857501162566011,-0.5469260929717772
CGCGCATGTTTGATTG-1,-0.6905831894970578,-2.8841508050546834
CGCGCCCGACTTAATA-1,1.5612104399664275,11.699351256587258
CGCGTCATATTAAACC-1,1.5073265024724896,13.196062057862388
CGCTACGGGACATTTA-1,4.817772709747915,5.694863594836957
CGCTATACCGCCCACT-1,2.2624138244298315,11.648196005924328
CGCTATTCTTAGGCTC-1,2.688547826898461,-3.2378054109636145
CGCTCGACATAATGAT-1,-2.046387218332391,10.976544760233484
CGCTGTGACGCCGCAC-1,-2.4765075320587076,11.449916717543266
CGCTTCCACTGAAATC-1,-2.474778680889201,10.913443273612357
CGGAACGTAAACATAG-1,-0.731618841304639,-2.563825052221263
CGGAGCAATTTAATCG-1,2.565817419871003,0.451535924763582
CGGAGCATGGCGATCC-1,1.5071601609408656,-0.6466938417855274
CGGATCCTCAAGGACT-1,2.494354973655604,-1.9762527078107641
CGGCAAACATCGTGCG-1,2.564115228793211,-2.665882722659114
CGGCACTCAAGAAAGT-1,1.6294764178830414,10.688487478910123
CGGCTGCAAGATTAAG-1,2.322372127186133,12.224645379376064
CGGGAATTTATGTAAA-1,2.3512975858684375,1.1889737514522805
CGGGAGCTTCAGTGTA-1,4.440877474868039,0.8342496971854692
CGGGATCAATGTAAGA-1,1.563379005045416,11.173403810108004
CGGGCCTTCTTTGTAA-1,3.1952195882605072,3.7056777244085253
CGGTACTAGAATCAAA-1,1.9812738032409387,-0.5623269064135249
CGGTCTATCAACCCGT-1,1.1220370632404149,13.116064087999078
CGGTGCGCGTTGGTCC-1,4.040344055053885,5.1714774514579025
CGTACCTGATAGGCCT-1,0.9899451591639531,11.482134921231683
CGTCACGTCCATTGGT-1,-0.4816943123146402,-2.5110186252994895
CGTCAGTGCGCACAAG-1,-3.4419527586965497,11.586428874281356
CGTCAGTTTATCGTCT-1,1.514721057772062,12.59602269635659
CGTCGTCCTTCGCGAA-1,3.0602957038063296,-3.177046160069265
CGTGAAGTTAATTCAC-1,3.2025004414387896,1.6227001850395892
CGTGACATTGGGTCGT-1,1.9860000254252324,13.419689041962025
CGTGCAGACTGGGACA-1,2.0109105238083402,-0.9559821729280251
CGTGCCCGACATTTGT-1,1.9215759697177388,13.405672623548707
CGTGCCCTCCCGAAGA-1,0.7557604586883988,-3.0957189702806227
CGTTAATGTCCCGACG-1,1.679449053092965,-3.6020888053605087
CGTTGAATACCGCGCT-1,3.1527131713103045,-2.731940321032777
CGTTGAGCGACCGTCG-1,0.9296558970061748,-2.902214816489568
CGTTTGTGTAGAGGGT-1,-1.1140229065621734,-3.166425880868118
CTAAAGGGAAATAGGA-1,1.3184237497769993,-0.4263697604562113
CTAACTGGTCCGGTTC-1,4.4819750530174,5.597128120140119
CTAAGGGAATGATTGG-1,1.3492151554136642,-1.1700502214673802
CTAGATTTACGACGGC-1,0.9965675932994025,-3.5538075253872927
CTAGGCGCCCTATCAG-1,5.357198154303032,2.9458262768606764
CTAGGTTCGGACGTGA-1,5.615382238330074,2.8805744443997168
CTAGTCACGTCTTAAG-1,1.990865182985665,-3.4359427243410536
CTAGTTACAACCCGGT-1,1.8620728964782984,-2.9670811294232173
CTATTCATGTGTCCCA-1,3.2001270323369138,2.20007722842174
CTCATTTGATGGGCGG-1,1.1291390159049675,10.988983178929148
CTCCGCCCACATGAGG-1,4.327872393715712,5.460227113465676
CTCCGGCCTAATATGC-1,0.8340672894036755,11.588240449350044
CTCGCACCTATATAGT-1,0.12793237585589137,11.425770265312938
CTCGCCGAATGTAGGG-1,4.272939262348207,-0.21073800509220306
CTCGGTACCACTGCTC-1,3.2002257295065313,2.5144017469933044
CTCGGTCCGTAGCCTG-1,-1.0571549803567601,11.251718437480928
CTCTATTTGGCTGCAG-1,3.912108106595707,2.712404380253968
CTCTCGATGTGCGCCT-1,1.6980738959655162,12.759300460787783
CTCTGCGAAGCAAGCA-1,-3.5875714968969086,10.864102259639065
CTCTGTGCCTGCTATG-1,1.812405218905916,12.154609423472804
CTCTTGTCCCGCTTGG-1,2.4084864310084644,0.03549508704955246
CTGAAAGAGATCCGAC-1,0.9975250907334776,13.045111234891044
CTGAATCCGAGACCTC-1,-0.28234891696792264,-3.001431142512828
CTGCAAATGGGCTCCA-1,2.2913331769694065,13.146371316465904
CTGCACAACTACATAT-1,2.445000154781544,0.7238494891311963
CTGCACCTGGAACCGC-1,-3.351695847058297,11.200376746165373
CTGCACTCCAGTACAG-1,3.959411287431402,0.3432924144833118
CTGCCAAGGTTGGAAG-1,1.511402155887341,13.394572940650999
CTGCCATGCATCACAT-1,1.1047982586160088,-1.1876497528558352
CTGCTTGGCGATAGCT-1,4.7980666398406,2.2665066808305507
CTGGAAGACACGGTGG-1,4.9076645051355205,2.316879710119367
CTGGATTTACACTTGA-1,-0.33131551053110375,-2.2644317607405555
CTGGCGACATAAGTCC-1,1.6289211694585155,13.346641172541162
CTGGCTGGTTGTCAGT-1,3.3286768814435956,-1.3389958348108826
CTGGGATCGCCCAGAT-1,0.9656638186372577,13.077116720734425
CTGGGTAGGCAGTTAA-1,0.3122991690729124,-4.299288989452919
CTGGTAACACATAGAA-1,3.0356805580082016,-0.34545502986452126
CTGGTTTCGAGCAAGA-1,2.6855947231235526,-2.3020146212762267
CTGTACTTCTTAGCAT-1,4.650415733716489,5.570952620063744
CTGTGCAGGGTAGGTC-1,0.9545262275279086,-3.1455319335968626
CTGTGGTCGGGAGATA-1,2.950204032075593,1.4069030665082825
CTGTTACCCAATCTAG-1,1.9118911740788012,0.5364596724789903
CTGTTCACTGCCTGTG-1,0.9506745959509051,11.201485842649141
CTTACACTGGGAAATA-1,-3.36291570077783,11.525044785412083
CTTAGCCTTCCACATG-1,1.422786468986433,12.18664716727086
CTTCAACTCCACTTGG-1,5.6186205819181465,2.386457465453703
CTTCATAGCTCAAGAA-1,-2.7734069322760915,10.966380656852767
CTTCATTGTCAGTGGA-1,4.324899619774925,1.3655407992254482
CTTCGTAGATAGGTGA-1,4.657326445646684,5.557864824205519
CTTCTATTAATGCTAG-1,0.02729563678123282,-2.753004654381627
CTTGCCCAGGCTCTAC-1,0.47993467363543824,-3.5179169618545694
CTTGTACTTGTTGACT-1,-0.9011285062784857,11.25612653303784
CTTGTCAACATTCGAG-1,2.748340175503808,-0.6582747065995884
CTTGTTGCTGAGTCAA-1,2.486884879255335,-1.6357654044018501
CTTTAACTTTCAAAGG-1,0.7177804263878881,12.296757550701647
CTTTAATATTGGTCGA-1,3.5854831801842573,1.4427229691884433
CTTTACCGAATAGTAG-1,4.870340342828079,2.9285325256718155
CTTTAGGAACACTGTT-1,3.593368271023986,2.2807495453052398
CTTTAGTGCTATTATT-1,0.276779868653901,-3.319480771123914
CTTTCTGTGCGGGCTT-1,2.262527430853998,-0.6178664187072445
GAAACCGAATTACCTT-1,-0.5458686115409466,-2.7505877623788835
GAAATCGCGCGCAACT-1,0.8899099568344123,12.694072938701913
GAAATTCACATCGCTG-1,-3.8279541680756557,10.803156550997986
GAAATTGTCTCTATAA-1,-0.9239225223702838,-3.014302976605948
GAACACACATCAACCA-1,0.579203615841412,10.56280051300667
GAACAGATTACTAAAT-1,5.404527771115969,2.9406710383522205
GAACCATCTGGGAGAC-1,1.4962249236725627,12.450078934633694
GAACCCTCTGTGTTCT-1,4.263433922506531,0.3291828322919777
GAACGACCGAATGATA-1,0.7708339602062625,11.55194372258099
GAAGAACGGTGCAGGT-1,-2.0762012482558165,11.315548018111134
GAAGACTTCAATGCCG-1,2.268977591205009,12.624106227324047
GAAGTCAGTTGCACTA-1,2.6414544705368894,-2.221523322163111
GAAGTGATTTATCGTG-1,4.908430901622683,5.452325811983549
GAATCGCCGGACACGG-1,-2.857574660849227,11.084658723256632
GAATCTGAACATTCTC-1,1.232015813970367,-4.001930997478259
GAATGTGGTCCGGATT-1,0.9775528840861131,-3.993313285671169
GAATGTTGGGTAATCT-1,0.8828103944601506,13.288240787165781
GAATTCACCCGGGTGT-1,-0.20670265791868375,-4.1845609315031735
GACAACGACCATTGAA-1,1.5179406311074508,13.256324408197473
GACAACGCAGCTTACG-1,-0.4357008424266506,11.20927171157538
GACACTGAGTTCAGTG-1,-2.952895132520996,11.43128781719833
GACAGCCAGACCTGAC-1,2.6103190867964488,-1.0362711980370145
GACATCGATTTATAAC-1,-0.650242759655326,-3.1556623364381235
GACCAGGTCATTCATA-1,1.3471710333590972,13.168278843580186
GACCGTGCTGACGGTG-1,4.435427606130636,4.868013446943932
GACGACGATCCGCGTT-1,2.6288733828783357,-0.38977919952608203
GACGCCGTAAAGGCTA-1,4.518847641045786,2.645243967558129
GACGGACCGCGTTCCT-1,1.7742509603804162,12.47293784466653
GACTAAGATCATGCAC-1,0.7552764907577973,10.802975411803883
GACTGCAAATCGAGCT-1,3.9893151730476015,-0.607838863986732
GACTGCACCAGCCCAG-1,0.8394955437406059,-2.5099081348128034
GAGACTTCGCGACCGA-1,3.8562975939361026,-1.2045608594717383
GAGATCTTCCATGACA-1,2.678864430048664,-3.073688866575693
GAGATGGGAGTCGACA-1,4.189415632230738,2.995792761244721
GAGCACCTGTGTCCAG-1,4.213911763184044,0.17387896240783743
GAGCATCATCCCTGGG-1,-3.3800156456057513,11.024637945076037
GAGCCACGGTAGTAGG-1,-3.364905024961746,10.696921312564886
GAGCCAGCTACCTGTG-1,5.155047364550572,2.7890483074601415
GAGCGCGCACGAGTAG-1,4.8180938629101435,1.8362319790548562
GAGCTCTCGGACCTAA-1,2.1024051146401788,11.716251099675926
GAGGAGTAATTCCTAC-1,1.7346630552772253,12.310209392653855
GAGTACGGGTATACAA-1,-3.1843665159619774,11.377926968793977
GAGTATGCCCGCCTTG-1,-0.7875668665399035,-2.529938700974039
GAGTCCGCTTACCGGA-1,0.5820728271813066,-2.965422045618304
GAGTGTGCGGTACCCA-1,2.459382862110549,-3.080227199526119
GATAAATCGGTGGATG-1,-2.9841839725111354,11.205511483653208
GATACGATGGGAGTCA-1,3.677997136030896,3.662388495764946
GATAGGTAACGTTGAC-1,3.336698369958178,2.071171183001262
GATATGAGACACTAAC-1,3.220154380458019,1.4712805199929648
GATCCGGGAATTAACA-1,1.509043085827428,-1.1071398815398334
GATCGCGGGCTCTCCA-1,4.524663299447644,5.288006523589332
GATCGTGACTGATATC-1,3.0411184764552393,-0.2588400735828388
GATCTTGGAGGGCATA-1,2.294544186386457,-0.03354653874820159
GATGCGTCCTGCATTC-1,2.9830728352772056,-1.5330671206933961
GATGCTGTATTTCATC-1,1.0289225889748608,-2.582437892647617
GATGTTCAATCCACGA-1,4.963596146380328,5.459087546486814
GATTCCCTTGTCGCAG-1,1.4135805873201728,12.008655667500987
GATTCGACGGTTCACG-1,0.891720320023638,-3.675228938411658
GATTGACACTCTGCTC-1,1.7572469623973608,13.00294608868488
GCAAACCCTACATTAT-1,-0.16339617989972519,-3.4885199850510262
GCAAACCTTGGCCATA-1,4.243694327029223,0.07806269258239318
GCAAGTGCACAGAGAA-1,-1.478760653488895,11.330349301145915
GCACGCCTACTTAGAT-1,-0.8562209367747672,-2.8780481239608333
GCACTAGTCGCGCTAT-1,-3.1660092148213512,11.523552311956038
GCAGATCCATAAGACT-1,5.173405912927777,3.0300002104889625
GCAGATTAGGGATATC-1,1.8630264264753171,-3.505849609232955
GCAGTGTGGCTATAGG-1,2.0135244693701586,-3.126753142613504
GCATAGAGCACTCAGG-1,2.638342779755424,-2.982214878753202
GCATCCCTAACTTTGA-1,-2.4309414154734137,11.36288741143054
GCCACAATTTAAGGAC-1,4.710361691799769,5.558148303624767
GCCATCGAGCTGCGTG-1,-0.5228333856875036,-2.8943726530084573
GCCCACCAAGGCTGTC-1,1.8595916911285926,12.997824568948312
GCCCAGTTGGTATGCC-1,-1.3512455077488856,11.37239335457244
GCCCGATCTGTGGTCG-1,1.6002252514599382,-0.5348551683895534
GCCCGCGCGTAAACGG-1,3.5586278009876278,3.846890741329698
GCCCGCGCGTTTGACA-1,-3.5273418093849185,10.898190195050919
GCCGATTGGCCAAGCT-1,1.4634258354874485,-3.5364495631838975
GCCGGAAACACATCTT-1,1.4223705958647854,12.81807335534247
GCCGGGTTAGGGTCGC-1,0.5859877966042172,-3.874363872227323
GCCTAGCGATCTGACC-1,-3.3916829325483775,10.77392242267614
GCCTCTATACATAGCA-1,3.1003534170651843,-2.555395458856769
GCGAAACTTAACTGGA-1,1.5069544525919158,-2.248963689346305
GCGACGATAGTTGTAC-1,-0.16381458130192417,-4.109623482650707
GCGAGGCCCGAGCAGA-1,4.560204173890769,5.587666701534653
GCGCCGTTCCACGATA-1,2.9147847131580518,-3.398490080178249
GCGCGTCATTGGTACA-1,2.8385281718315247,-1.6158986686231318
GCGCTATGCCGAGGCA-1,-3.0543049904515605,10.668581572398002
GCGCTGATCCAGACTC-1,1.997468197987282,12.996220980367859
GCGCTTAAATAATTGG-1,1.8473091001851167,-1.521296727197575
GCGGACCGCGTTGTGG-1,3.413414570272809,3.5257980692692317
GCGGAGAGGGAGAACG-1,1.103610564812596,-2.7857418021206315
GCGGGAACCAGGCCCT-1,-2.8193064889821082,11.644514726655656
GCGGTCCCTAGACGCA-1,-2.8392376975983944,11.29841369450225
GCGGTTCCCTATCATG-1,-0.8954038385018207,-2.800182324410988
GCGTCGCCAGGGTGAT-1,2.3963465831521313,-0.0722806161953187
GCGTGTATGTCGTATT-1,1.0107584708476989,10.78233871877195
GCTAACTGAAGTCTGA-1,1.9613272912422148,-2.70500626177931
GCTAATACCGAATGCC-1,-2.784813239388185,10.728147779469651
GCTACGACTTATTGGG-1,1.42700182121299,-0.6696114274319048
GCTAGCTTGAATAGCT-1,3.623582926654484,3.608376221447977
GCTAGGCACCACGGAG-1,5.602626410468197,2.622932988635677
GCTAGTAGAGCTTGTA-1,1.6881629568902152,-0.3866946449290834
GCTAGTTTCATTGAGG-1,-2.9792090376251226,10.813549569029945
GCTATACGTCTCGGAC-1,5.253885537001025,2.9392794337247814
GCTATCATACTCATGG-1,2.668321663294655,-2.5279052262172974
GCTCAATCCGTTTATT-1,-1.0355360975754262,-4.1832474982421415
GCTCTAAACCCTGACG-1,1.155614787826127,10.833626388192332
GCTCTCGGGTACCGAA-1,0.4180986788907841,11.225073648503791
GCTGAGGCGTGAGTAT-1,1.4851655936729053,-0.37821692583428196
GCTGCACGGTTTCTTA-1,-0.09010744471395048,-3.0717429514641186
GCTGCTAAGTAGTCGA-1,5.5489346940442354,2.6903613964473903
GCTGCTACTGCGTAGC-1,2.5361685382730683,0.721263895342097
GCTGGCGGCGCATGCT-1,3.011204060355343,1.0173232935710643
GCTGTATTACTGGCCC-1,4.5066503173078,5.249074661782875
GCTTAATGTAACTAAC-1,1.792649195337391,-0.8090790542986974
GGAACCGTGTAAATTG-1,-0.1834718635357952,-4.377596600466323
GGACCAACAGGATAAC-1,1.105797458109779,-3.9281466508441674
GGAGAAGTCATTGGCA-1,-1.1555030077127033,11.24043873536281
GGAGACGACACCTTTG-1,0.6443794428539821,-3.6169887467380053
GGAGTGCCGCCCTGGA-1,-0.5833031328222248,11.062176373217705
GGATACTCATGAATTG-1,-3.564968119077708,10.683887703448821
GGATTCCGCTATACCC-1,0.7085253568726758,13.093068206852543
GGATTGCTGTGACTCC-1,2.424485071227601,-3.1205536153316733
GGCAAATTACTTTACT-1,3.7349429665638776,4.278301551773817
GGCAAGGCGAAATAGC-1,2.0331387691727207,-0.044502161351535605
GGCATATCGGTTCTGC-1,1.5271857323595268,12.678235615911658
GGCATCAACGAGCACG-1,1.1914663897625408,12.79537901642513
GGCGAAATCTAACTTG-1,2.7695113472792423,-2.26936915831093
GGCGCATGAATTGATG-1,-0.5605286758897011,-2.4764395550237213
GGCGCGGAGATCTTTC-1,1.7901422947890677,-3.0321757476193785
GGCGCGTTCGAGTTTA-1,2.309239896197386,1.2240946143935876
GGCGTACCCTATATAA-1,2.1454340263434633,11.93384853051303
GGCTCGTGCCACCAGC-1,-2.7586657075161924,11.36526299185248
GGCTGAAATAGCAAAG-1,2.310965640756225,0.4861195593216081
GGCTTTCAATAAGGGT-1,3.211532870490888,-3.21915646748179
GGGAGGATGCCCGAAA-1,4.4931363102644,5.596268122308495
GGGAGTAATGGCTGGC-1,-3.671481253775305,11.365311838357364
GGGATGGTCGTAACCG-1,3.9800242544938125,4.858652016106014
GGGATTTACCGCACCT-1,3.352107612148843,-0.5999824850784925
GGGCAGAGCAATCGTT-1,2.734402401641557,-3.353830209114788
GGGCCCGTCTTAAACA-1,-0.46149953091326834,-2.1993542839790443
GGGCGGCAAATGAATT-1,-0.6134073352738777,-4.119293388630428
GGGCGTACATTTATAT-1,0.5001003121719562,10.771867925961772
GGGCGTCACCACGTAA-1,-0.5521696364336828,-4.2229365358771815
GGGCGTCCACTGGCTC-1,1.4196964514511001,13.47836295853901
GGGCGTGGTTTCCCAG-1,1.9518495930003392,-1.525377089311381
GGGTGACACCTTAACT-1,-0.004489807146538862,-3.476593768936161
GGGTTAACATTTGAGT-1,2.626704974307669,12.76697190083407
GGTAACTATGTATCTG-1,-3.163771292583974,11.30338290938346
GGTACAAACATGCTAT-1,4.11721569502696,4.157728426859887
GGTAGAAGACCGCCTG-1,2.9145979357176675,-0.32985163139647683
GGTAGACCGTTGGGCG-1,2.4791212376659515,0.3032280961494097
GGTCAGTGGGTCCCAC-1,3.151671799242875,1.6363368455252603
GGTCGGTAATTAGACA-1,2.319597788750402,12.474810609745928
GGTGAAACCGGGAATG-1,2.06442422813195,11.383457150012433
GGTGAAGTACAGGGAT-1,4.14716508811192,5.730978978395376
GGTGAGATGCAGATAA-1,-0.8620806656331627,11.296179673896003
GGTGCGGATAAGTGGC-1,-2.905363889205193,10.867660983438688
GGTGCTGGTACACATT-1,4.397383187562275,5.684572031795379
GGTGGACTGCTCTGGC-1,5.0800193160360845,2.1456141306667553
GGTTAGCTATATGTCT-1,3.359946636709048,-0.7817056059791374
GGTTGTATCGTGAAAT-1,2.147447913471996,12.158681799293438
GGTTTACAATCTCAAT-1,0.9621762516921957,12.729897279138115
GGTTTGAGTGCTGGAA-1,-3.7015946846863854,10.921916435382048
GTAACTTGCGGCAGTC-1,-1.1397136211352306,11.080433879892023
GTAAGCGGGCAGTCAG-1,0.29730818112228147,11.469288911030088
GTAAGTAACAGTCTGG-1,3.824445950064937,2.5077971124627774
GTAATCTGATTCTTCG-1,-0.6034230222297787,-3.8760523679576573
GTACACTTACCTGAAG-1,3.083437744528533,-0.8309803755628414
GTACGAGATTGCGACA-1,0.7251874623422175,10.639149477558334
GTACGCTTCATTGCAC-1,2.4607905464027637,0.8456676702458935
GTACGTTTGCCCGTCA-1,0.8258883322595374,-3.4883716005385255
GTACTGAGGTCGTAAC-1,-3.518487705509162,11.447670957516015
GTACTGCATGAAGCGT-1,-0.2595446750226967,11.088447407906248
GTACTTGGGCACTTCT-1,2.1584835492236376,11.779308820402857
GTAGACGTCGTTACAT-1,0.293587541852917,11.33423895069336
GTAGCCAAACATGGGA-1,3.0270349586748804,2.322535757580566
GTAGCGCTGTTGTAGT-1,2.289202995859564,11.643036422862432
GTAGCGGCTATACACT-1,1.5735568837782405,-1.298391950176213
GTAGGTGATCCGTGTA-1,1.51179581911632,11.51617941612499
GTAGTCGCGGGAATCA-1,-0.8974336098430634,-2.784875317612341
GTATAGGACTCAGTAG-1,0.3781765722005784,11.548505369652494
GTATCTCCCTAACTGT-1,1.4764747647289398,12.21961846708321
GTATCTTGTTGCTCAC-1,2.521887555898693,12.607625373681387
GTATCTTTCATAACCA-1,3.3053224518930584,1.6017939578202318
GTATTCTGAGAAACGA-1,4.199952296540617,5.206748665692923
GTCAAAGTTTACATAG-1,1.9709231627319037,11.331648953871168
GTCAAGCGGACTCGGG-1,2.8858288297866967,2.1147271666220115
GTCAATTGTACTGAAG-1,1.3336218131772588,10.42177194088577
GTCATGGACATGACTA-1,0.40168342314433636,10.922667271179423
GTCATTAGAGCGAACG-1,2.2911317959244295,-2.958389812739122
GTCCCGCGACGTTATG-1,3.383743726839823,-2.0882971207802017
GTCCGGACCTGAAATT-1,5.069545339703007,2.652231603147868
GTCGCGTAACCCGTTG-1,2.3792934057672475,-1.1555475283598764
GTCGGATGTAGCGCGC-1,1.8882615537387064,12.410850148304343
GTCGGGAAGCAGAAAC-1,3.182376672323376,-2.9594367961771457
GTCGTACCATCTCGGG-1,2.7626701201240773,1.4079570103317738
GTCGTCAATTATAAGG-1,-3.2020533524669847,11.356681915701955
GTCGTTATTCGCTTAT-1,3.637844072471575,0.5444439018469793
GTCTATCTGAGTTTCT-1,4.6400133148243246,5.429957934460397
GTCTATTGGTTCCGGT-1,5.241423719197624,2.5900904942755436
GTCTCAAGGCCCGGCT-1,3.507877668709475,-1.102291953729782
GTCTCGATCTGCTTTC-1,0.7400724987897009,13.06208322352295
GTCTGGGCGGTCGAGA-1,4.022640200523094,4.877463073254114
GTGACTTCAGTAGTGC-1,-0.19463676029649388,-4.171281178419411
GTGAGGACACTTAAGG-1,1.6966428104289355,-0.5684233800861307
GTGAGTGGTACAACGC-1,3.0617652891447444,-1.205359946224331
GTGATCATAGATCTGC-1,0.41931244120322053,-3.7791491805399358
GTGATTCGCCGCTCAA-1,4.128575582567979,5.256279680349667
GTGCACGAAAGTGACT-1,1.498703954060671,13.360399475370517
GTGCCCGTTCGGATTC-1,2.490191408876234,-1.1524973522268966
GTGCCGCTTCAAAGGT-1,4.088851157169552,4.8997166387401485
GTGCGAAATCGAACAC-1,4.152904497355366,5.026254394502173
GTGCGGGTCTCCAAAT-1,-0.4839442113701806,11.332996632595915
GTGCGTGTATATGAGC-1,3.1942549031426304,2.108714880215659
GTGGACGCATTTGTCC-1,3.1335780649099583,-1.6103114822257674
GTGGACGTGCTGAGAC-1,-1.8414756729233495,10.922369674367992
GTGGAGTCGGCGGTTG-1,-0.7638048479626548,-4.238999076008849
GTGGCGGGCCGTAGCT-1,1.581832006959971,13.462316057917963
GTGGTATAGTCTGCCG-1,-1.2964324895527612,-3.8203351860435637
GTGGTGGCCAAGTGAA-1,1.5529624971746776,-1.530542872350785
GTGTATATCAGCGGGC-1,3.504169748367859,-1.7773980803383964
GTGTCGTATAGCGTTC-1,3.092525999974013,-3.200403711436734
GTGTTACTATGCGTCC-1,1.2432235566236085,-1.1823969352300954
GTTAAAGTAGGACTGG-1,3.1518782485112613,1.6990386335591636
GTTAACATCACTTAAA-1,5.079402908988899,2.6305885754690106
GTTACCTACAACTTGC-1,3.355417994496936,2.247803592063147
GTTACTTTGGGCCTAG-1,-0.7479144375595602,-3.241780422663983
GTTATATTATCTCCCT-1,0.016356957713898574,-2.928464997680984
GTTATCACCTTCTGAA-1,2.196621209696973,11.48628492938413
GTTCGCCATAAGTGCC-1,4.86648374227024,3.4666992953811686
GTTCGTCTAAAGAACT-1,5.2834601679955115,2.6949422077068546
GTTGAACCGGTTCCAT-1,4.7303793858532766,5.672558591088781
GTTGAGTCCCGCCGGT-1,3.988012678825752,0.23557806248197866
GTTGCACGGAGTTTCG-1,-0.9366003476796438,11.195169912679043
GTTGGATTTGCGTTGG-1,4.830178825240756,5.1946174635771065
GTTGGTCATGCTATCC-1,1.5870559455337359,-0.736512932760237
GTTGTCGTGTTAGTTG-1,-3.837405724788347,11.194231589929052
GTTTACGTTCCATCTG-1,3.053450498861004,1.620142371177812
GTTTCCTGGAGGGTGA-1,-0.07498436260430533,11.000071142122216
GTTTCTGCAGTCTCCC-1,1.4043914102399275,-0.7262614338502841
GTTTGGCCCAAGTTAT-1,1.5053445295502454,-0.9674214525728242
GTTTGGGCTTGTGAGC-1,1.8729098158422273,-3.7169756812273693
GTTTGGTAGGGTCAAC-1,3.0439210696679955,0.6288177302126532
TAAACCCAGGAGGGCA-1,-0.5808195812325204,-4.156919124540469
TAAAGAGCCCGAAACC-1,-3.7544175656091374,11.38200864782737
TAACAAAGGGAGAAGC-1,2.182426905633457,11.629719060454955
TAACATACAATGTGGG-1,2.070798897809713,-3.3004256879526217
TAACTCATCCGCGCGG-1,-2.665651215002616,10.863750937458962
TAAGGAACTTGTGGGA-1,-2.987657158699827,10.966723773117733
TAAGGCAACATAAGAT-1,1.0222557656474758,12.597749467723332
TAAGTAACATCTTGAC-1,3.9983556435116365,5.038144366219459
TAATACACAGTAGTAT-1,0.9711705719355594,10.465321091927565
TAATAGAACAGAGTTA-1,4.047676759480007,4.780599857972396
TAATATTGAAATTCGC-1,-2.2982356502304553,11.041023744282025
TACAACGCACAACTCA-1,4.415081872361837,5.154031842445988
TACAAGCTGTTCACTG-1,2.39180922388246,12.313809612399375
TACAGAAACGGTGGGC-1,2.1365449412412096,-2.0218463997778637
TACATAGGCATACACC-1,0.9408215521848378,-0.956183084810088
TACATTTCTAACGTGC-1,4.401325558500652,1.3557597535709154
TACCAAATAGCCCAGA-1,2.7868936403541165,-2.411242322370654
TACCAATAAAGTACCA-1,4.656976943505918,1.3546641112342648
TACCAGAAGTAGGTTC-1,-0.3649384397656077,-4.01107919941053
TACCGGCTCACTGCCC-1,3.279149948597064,1.8775679760131245
TACCGTGCCTCGGACC-1,3.1358976723478746,0.06351848171159566
TACCTACTCCCAGTAT-1,2.669220710628365,-1.675357656421051
TACGACGCTTGCTGCG-1,0.0465812815185193,-4.221141236262697
TACGACTGCCTCTTAG-1,-0.22323232459194634,-3.1042054826110754
TACGCAGTTCTTTCCT-1,3.9783368081796437,4.029493065522517
TACGCCATATTCTAAT-1,2.1745936382876216,0.8847366547315004
TACGCCTCCATTCCGA-1,2.876801799681987,-1.9112963440546211
TACTCTCCGAACAAAT-1,1.2239025038955413,13.239714990326341
TAGATATGGACTGGAA-1,-0.38581297817493926,-3.379587894584943
TAGCCATTTCAAAGTC-1,3.5012332298789044,-0.2670807693004791
TAGCGTCCGGTGTGGT-1,2.9203164091765648,-1.3213401251967107
TAGCGTTGGGTCTTAC-1,1.6741978683953682,-3.4153837728321843
TAGCTAGAAGGCATGA-1,-0.671689003197344,-3.0815949575866366
TAGCTCGCCTGATAAC-1,2.6903423695568316,-1.5589478867515298
TAGGGTGTTTCAAGAG-1,0.3161944728442328,10.982472234294972
TAGGTGCTCGCCTAGC-1,3.049090547799792,1.0535043332758525
TAGGTGTTCCACAGAT-1,2.5083085030469285,-3.571056397876941
TAGTCCGCAGAGAATG-1,4.862408836073478,4.7592243853111675
TATAAATCCACAAGCT-1,-3.362393464229042,10.82754809387403
TATAAGTGAGGATAGC-1,-1.5527161688271491,11.263169405946782
TATACACAGACGCCTT-1,3.559799669508504,1.7353089101056896
TATACACGCAAAGTAT-1,0.5111723428777933,10.887954080156739
TATACGCGTCATCACT-1,4.835704976244912,2.586549151713149
TATCACAGCACGGGCA-1,1.4652852957312192,12.034094270811403
TATCCAATTGGTTATC-1,2.822189743105389,-2.9484371608988122
TATCCATATCATGCGA-1,-1.536658864254226,11.045096166903178
TATCGATGATTAAACG-1,0.8031300925161656,10.671957043521092
TATCTACCACAGCGGG-1,3.088239340193955,-1.9169381833378165
TATGATCTTCTCTTTA-1,2.0310862263023974,-3.200213056884919
TATGCTCCCTACTTAC-1,0.5165123611412891,11.900508423524629
TATGGATGTGCTACGC-1,0.6315172077738536,10.703981892217936
TATGGGACCGAGCAGG-1,4.902150626434939,2.2215830857427212
TATGGTCTGAGTAACA-1,3.6264415496532054,-1.5998386933148574
TATTCCACTCAGCTCG-1,1.639970333250969,-0.7467586636272355
TATTCCGAGCTGTTAT-1,5.655990648106734,2.6601231108152583
TATTCCGGCAGTCCTA-1,1.9035953959276377,11.370289973715543
TATTTAGTCTAGATCG-1,-0.4686010575447573,11.229720811542332
TATTTGTTACCCTTTA-1,-3.2802260238438277,11.575692911492764
TCAAACAACCGCGTCG-1,1.5682068794136306,10.888637294698412
TCAAATTTGAGACTCA-1,5.605042880781869,2.794001575192753
TCAACACATTGGGTAA-1,1.219000294718636,13.248950068031146
TCAACCATGTTCGGGC-1,1.1608688136856726,10.525933761726106
TCAACGAGGAGACAAA-1,2.969134917675355,2.085749310147054
TCACAGCAAACTCGAA-1,-0.32418330947498575,-3.7226067075542737
TCACAGGGAATCGCAA-1,1.2029166178806256,-2.885454101464255
TCACCCTCTTAAGATT-1,1.5631515109752294,-1.3076999718182178
TCACGGTCATCGCACA-1,-2.5715949896786454,11.465723648032913
TCACGTGCCCGATTCA-1,2.2455580978341874,-3.546504242794439
TCAGACGCTATAGAAG-1,3.224647286978046,1.2575890665928098
TCAGTAGGGACTATAA-1,-0.16832735842317278,-2.9800845147743353
TCAGTGTATACGTCAT-1,-1.131788957468649,-3.9295264356478627
TCAGTTACGGAATGAT-1,2.1659323000477237,12.208818541660984
TCATGCAGGTTCTCAT-1,1.8950368368323378,12.803891849230773
TCCAGAGCACCGGTTC-1,1.3740553206035873,-0.8928974939850151
TCCCAAAGACGAAGGA-1,1.1560136276556225,10.715483735829793
TCCCGTCAGTCCCGCA-1,1.727410743041323,13.14213771933715
TCCCGTGTGCAATTTG-1,1.048556993689418,-2.7021618974131307
TCCCTTAGATTACTCG-1,1.2901408154654508,12.44950887606987
TCCGATAATTGCCATA-1,1.0246199120703927,12.201269539462695
TCCGATGACTGAGCTC-1,1.5879112397539321,10.946408392217325
TCCGATGGTGCGACAT-1,1.155719099964461,10.994186394132761
TCCGCCTGTCTACAAG-1,3.3875469741718574,-2.7312777797094787
TCCGCTGTCATCCCGG-1,1.5282133378959384,-3.2979130202234774
TCCGCTTATCCCATTA-1,4.769165265242277,1.3080386377922673
TCCGGTTCGTCCGGTC-1,-0.7169667458401688,-2.946879902298967
TCCTAAATTGGGAAGC-1,5.463965995670919,2.704238126392602
TCCTACATCCACGGCC-1,2.794483277025409,0.5266273436111472
TCCTAGCAAAGAAGCT-1,4.457492920584288,5.709929791257028
TCCTCGGGCTGGGCTT-1,2.7458990180252223,1.973568427823983
TCCTTTAAATCCGCTT-1,3.091935588303058,2.1539654108874675
TCGAGACCAACACCGT-1,4.936440661246001,2.8922727998146707
TCGAGCCAGGCAGGCC-1,-1.0946912942219684,-3.359295058979029
TCGCAAAGATGCATTT-1,2.628490579078383,0.36329209209604735
TCGCACCAGGAGGCAG-1,-1.1279408527290402,-3.0481730976160186
TCGCATCCCTAAGTGT-1,1.8557664747729012,11.111302624898453
TCGCCGAAGTTGCGTC-1,4.376544057191064,5.495428149488408
TCGCCGGTCGATCCGT-1,0.8920541550496999,11.97282182564896
TCGCTGTGCGTAAATC-1,-2.653254128573037,11.553988898464963
TCGGGAGACAGCGTAC-1,4.873329042342695,1.6882216771652552
TCGGGCCGTCGTGGTA-1,1.8652677137912437,-1.3204366604089015
TCGTCAAGTACGCGCA-1,-1.0991483354483158,-3.487069445958547
TCGTCCGCTGGCGTCT-1,-2.4397472688780786,11.556491291874496
TCGTCTTAGGCGTTAA-1,5.262741116801615,2.319198185203261
TCGTGTACTATGGATG-1,1.2965163082243996,-3.4514303887299906
TCGTTAGGAGTCCCTA-1,1.490484789045928,-1.5917992895850432
TCGTTGCTATCCGGTC-1,-0.7909050236434712,-4.411557888057608
TCTAGCATCTTCGATG-1,-1.3232288157144003,11.237611646494582
TCTAGCATGCCCAGAA-1,3.8939384189445527,2.6479377823728543
TCTATCATGCAGTTAC-1,-1.883202767237786,11.16601137714645
TCTATCGGTCGCAACA-1,1.0937980683379804,11.064524011506952
TCTCATGAGATAGGGT-1,3.555155038960087,-1.345721399679679
TCTCCAACGTAGGTTA-1,1.858617338998079,12.748148885360518
TCTCCCTGGGCAGCGT-1,4.338711859449768,0.07746089340698098
TCTCTAATAGCTGGTA-1,-1.0064546310090552,11.174741125305768
TCTGAACCGGTCGGCT-1,-1.011173653372043,11.132981007105924
TCTGAAGCACGTGGTC-1,4.3706435542817355,-0.2239599644674911
TCTGATGTATTCTGTC-1,5.529378224394361,2.4608953480274964
TCTGCCAGAAACTGCA-1,2.498270636405373,1.0616960732454004
TCTGTCATACAAGAGC-1,-3.525879262114319,11.552329847554986
TCTGTGGCTACATTTC-1,2.0387905801417148,12.537277141012611
TCTTACAGAGGTACCG-1,-3.8980177452534073,10.98332433437991
TCTTACTTATGCCTCT-1,4.050733612813695,0.2649895371489814
TCTTCGAATAGACGTT-1,1.348754931071377,-1.77028170174998
TCTTGGTAACACCAAA-1,1.8251044535898004,10.907833675087868
TGACTATAATCCTTTC-1,2.7581738753093172,1.506876185320811
TGAGAATGCTTTACCG-1,-0.7674385479929209,11.125823089068309
TGAGCCATACAGTCTC-1,4.369060780998583,5.689767859330455
TGAGCGGAAAGTGTTC-1,1.5603454978460287,-3.6079003256085835
TGAGCTTTAATGACGC-1,1.3163899582542702,12.93250384010087
TGAGGAGTGCCAGCTT-1,2.999812404119017,-3.3467068282240713
TGAGTAAATTAGCGTA-1,-0.004695466949758056,-4.083303552806077
TGAGTGCCTCTTAAAT-1,4.280360555359613,5.257889773919983
TGATACATTTAGCCGT-1,-0.9325980377705653,-3.913728224172137
TGATTCTGTCGCCGGT-1,3.153197954859669,3.5875777531239903
TGATTTCCTCCTGACG-1,2.2452055843873793,13.155025336242046
TGCAGAGTACCGAGCA-1,4.7225309857790885,5.6778909427112705
TGCAGGATCGGCAAAG-1,1.8746253199692922,13.38237326213643
TGCATGGATCGGATCT-1,1.0263351281006805,11.350645377329126
TGCCAATGGGTACTCT-1,2.21070877440165,13.011958430150367
TGCCACCTGGCGAAAC-1,1.5228716196300607,12.447468970779724
TGCCAGTACGTGGAGA-1,3.3237071538898686,-0.8071455663916163
TGCCCGTACCGTTAAA-1,1.4786916275058404,-3.551847467148776
TGCCGTGGATCGTCCT-1,1.8210661721596841,-2.385265242470602
TGCCTGATCAAACGAT-1,0.7658166686192847,12.44837220221953
TGCCTTGGCCAGGCAA-1,4.227133577796402,-0.11240471114774964
TGCGACACCCTAGTGC-1,-0.7369727202184885,-4.208484876802048
TGCGAGAATATTACCC-1,3.766719495278068,3.6475575614187563
TGCGGAGTAAAGGTGC-1,1.7295398427636772,11.966932651162985
TGCGTAAGAACCTGAT-1,4.458936203139313,5.108072319088932
TGCGTTTGTTGACACT-1,0.521554277890394,-3.0979213769257203
TGCTAAGTGTCTATTT-1,5.44002612584982,2.7989274526061823
TGCTATACAAACGGAC-1,1.252685276158395,11.932258485806434
TGCTCGGCGAAACCCA-1,2.899915013314939,-3.105546529369928
TGCTGGTTGGACAATT-1,-2.3822387307178503,11.04445483265167
TGCTGTTGAAGAACTC-1,2.2996493626009906,-1.2008861203127235
TGGAAGACGAACACCA-1,-3.82268016749586,11.218264049886422
TGGAAGGATAAAGATG-1,0.8942322092757058,11.148190822099235
TGGACTGTTCGCTCAA-1,3.359767071258398,2.430906022980192
TGGAGCTAAAGTTCCC-1,1.9727196515147067,12.068791208249252
TGGCAAACTAAATTAC-1,2.8403116326873,0.5163997411754102
TGGCAGATTACGATCA-1,4.296540415712424,2.8211357271500113
TGGCAGCAGTAATAGT-1,2.5734580582716697,0.8648800803082549
TGGCGATCAAGTTATG-1,1.7082298708312822,-3.2551089472993175
TGGCTATGTGACATAC-1,3.064023095366483,-0.1692101985609019
TGGCTTTGGGTAGACA-1,-1.2447391031452422,11.117002043529633
TGGGCCACAAGAGCGC-1,0.534613745824496,12.739648055597277
TGGGCCCATACTAATT-1,3.0565876958703546,-1.2173378249980567
TGGTATCGGTCTGTAT-1,1.5207357850102143,11.721223740634738
TGGTCCCACGCTACGG-1,3.248297458038758,1.3020020014202538
TGGTTCAACGGGTAAT-1,2.9491838456593684,0.8701248279956009
TGGTTCGTAGCAAAGG-1,1.2210311125306321,10.65344341759143
TGTACCTACACGAGGG-1,2.4730764979850086,-2.2579686083342736
TGTACGAACAAATCCG-1,3.057950927213404,-3.183258790776468
TGTGACTACGCCAGTC-1,0.8522665474775292,10.460815488789182
TGTGAGACTAGCCCAA-1,4.74962444166965,0.7993381243916357
TGTGGAGGAAGCTTAA-1,1.4434948099159344,12.989945284004408
TGTTATTGTATGTGGC-1,2.6362895589797795,-1.3281572730692546
TGTTCGTATTGCGGTG-1,4.4231014725583595,1.1835609587038436
TGTTTCGGTACTTCTC-1,-0.1988706561835058,11.430946895532324
TTAACCAACCCTCCCT-1,-0.5777193196656679,11.19876307278823
TTAATCAGTACGTCAG-1,0.7594731254522327,12.853167112464071
TTAATGCGAGGTAACT-1,2.178832784739265,12.564241988137624
TTACAACTACGCATCC-1,1.1232268372784344,11.524677723900963
TTACATCGTGGCCTGG-1,-1.5448367239638794,11.413612871129134
TTACCCATTGCCGGGT-1,1.7426284400842593,13.294729965118535
TTACTAAAGGACTTTA-1,1.816834579729238,-0.2716648580741622
TTACTGGGATATTTCA-1,1.2426338994186004,-3.934443707280863
TTACTGTTTCTCTACG-1,2.3831823192688923,13.068506877014135
TTAGAAGAACATGACT-1,2.9457178497699035,0.7585980346750475
TTAGACACGATCGTTG-1,2.0335626107293234,13.44724281720482
TTAGACGAGTCACCTC-1,1.3980050456013653,-0.8889616514919719
TTAGAGTTTAGAAGGA-1,3.6019798694339134,-0.944175867348269
TTAGGTCATAACCGAC-1,3.374893128485349,3.7514209611741607
TTAGTTATTCGTGGCA-1,4.546912102490651,1.5328446953109303
TTATATACGCTGTCAC-1,3.187983575332333,2.270368769304129
TTATATTTGGCAATCC-1,1.4121743708900147,12.660636223590846
TTATCCGGGATCTATA-1,5.370305715491382,3.010711819921267
TTATCTGTATCATAAC-1,1.4980277601011978,10.545151870261737
TTATGAATGAAAGGGA-1,0.7729510539605382,-4.186936100469113
TTATGATCTTAACGAA-1,2.591746222803995,-0.9396274245154056
TTATTAGAGCGTGTTC-1,2.7665851352104354,1.0877221956344614
TTCAACGACCCGACCG-1,-2.3999455933662968,11.308248993935514
TTCACGAAAGGATCAC-1,4.909913151938495,3.8814174794509713
TTCACTCGAGCACCTA-1,4.976551368591352,2.8075901918850574
TTCAGCCCTGGTCCAC-1,4.237764712748749,0.7209390958274583
TTCATGGCGCAACAGG-1,1.297600566298066,12.07991154693246
TTCCAATCTGGCTATC-1,-0.3598460670879692,-3.0048579962876123
TTCCACACAGATTTGA-1,-0.34667184587473304,-4.040376062418318
TTCCGCGTGAGGCGAT-1,3.0062164883263676,1.8224289061153418
TTCCGGCCTTGAGGCT-1,-0.7828132282636816,-3.4215386997490786
TTCCGGTTACCCACTT-1,2.215409214861346,-2.8988584923917693
TTCCTCGAGGGTGTCT-1,-2.2349677592807975,10.824251834368367
TTCCTCGGACTAACCA-1,5.016366220269815,1.789673719252102
TTCGACAGAGCCCGTG-1,1.8361634869707104,-3.2488982742668315
TTCGACGGGAAGGGCG-1,-2.228002608162159,11.409987222637268
TTCGCACTCGCGTGCT-1,-2.472479925381152,11.491575657918386
TTCGGCAACCCGCTGA-1,2.426350284136184,12.385018534285116
TTCGGGCGCTAGTCTT-1,-0.8614825238103433,-4.447957043095308
TTCTAGGCCAATTGTG-1,-2.590262200445735,11.110052095733788
TTCTGACCGGGCTCAA-1,4.94908626364402,2.821351516271965
TTCTGCCGCGCCTAGA-1,3.9320860395338126,2.645387073632725
TTCTGCGGGTTAGCGG-1,3.507617938487196,2.6893052173767944
TTCTTAGTGAACGGTG-1,2.39829960057597,12.386730749190376
TTCTTCCCTTTGATAT-1,2.448346207936034,12.632466053161208
TTCTTGAGCCGCGCTA-1,4.043399531370638,5.014374359969892
TTCTTGGAGTAATGAG-1,0.8234279452764701,13.123082160886213
TTGACTACCATATGGT-1,4.906938683030892,4.707489404009381
TTGAGAAGTTTAGCAT-1,5.5208128112309955,2.543307498506644
TTGAGAGTACTGCTAA-1,3.9385999326769703,5.514265691423115
TTGCACAATTCAGAAA-1,5.05115283925648,3.031457074853048
TTGCACGGAGCAGCAC-1,1.631510946783169,10.992754336431801
TTGCGGCATCAGAAAG-1,-0.5340847479529413,-3.7466105855072036
TTGCGGCGACTCATGC-1,2.008433468002099,13.219349883603963
TTGCGTCGGCCAACCG-1,3.572988838238995,3.5595368493948936
TTGCTCCCATACCGGA-1,1.0158524780585756,11.398019296264005
TTGCTGAAGGAACCAC-1,0.2940467757282306,11.500565586519164
TTGGACCTATAACAGT-1,3.681077513744489,0.4588965065315691
TTGGAGTCTCCCTTCT-1,-1.9460179839459346,10.986052493539994
TTGGATATCGTCTACG-1,-0.2776464495283132,-3.110013396808775
TTGGCCTAGAATTTCG-1,1.5505095711536305,13.04172118853352
TTGGCTCGCATGAGAC-1,-1.2882743742626142,11.40594105097301
TTGGTCACACTCGTAA-1,-0.7860462574290936,-2.874938200776729
TTGTAATCCGTACTCG-1,5.061980045914217,3.169210458330243
TTGTCGTTCAGTTACC-1,1.0942027477603382,10.311047915865636
TTGTGAACCTAATCCG-1,2.3266920551538965,-1.3260950550086361
TTGTGCAGCCACGTCA-1,3.616033443567805,-1.5631791558770742
TTGTGGCCCTGACAGT-1,0.06563346843315149,11.278388484260182
TTGTGTATGCCACCAA-1,3.8156296432648613,2.788496105140032
TTGTGTTTCCCGAAAG-1,4.405781775172167,0.7879715965699778
TTGTTAGCAAATTCGA-1,-3.15679359348936,11.125413790545158
TTGTTCAGTGTGCTAC-1,1.5054387217583678,10.460042087898467
